method,query_kind,adapters,predicted_score,heldout_score,feasible,predicted_weights,heldout_weights,coefficient_regret,margins,obstructing_tasks,error
linear,pair,conversation+colorist,32.4328576803207,12.083546447753868,0,"[0.6, 0.4]","[0.6, 0.4]",0.0,"{""colorist"": -12.083546447753868, ""conversation"": -1.9962645612218484}",colorist,
linear,pair,conversation+flex,40.673488903045694,26.087991523742637,0,"[0.8, 0.2]","[0.6, 0.4]",9.137880802154541,"{""conversation"": -0.9640874967641729, ""flex"": -26.087991523742637}",flex,
linear,pair,conversation+energy,32.764409112930295,19.42791156768795,0,"[0.4, 0.6]","[0.4, 0.6]",0.0,"{""conversation"": -3.688712572266805, ""energy"": -19.42791156768795}",energy,
linear,pair,conversation+physics,44.19520311355589,51.616172122955284,0,"[0.8, 0.2]","[0.8, 0.2]",0.0,"{""conversation"": -2.486303391146777, ""physics"": -51.616172122955284}",physics,
linear,pair,conversation+empathy,-0.9564849019135871,-1.016127748482738,1,"[0.6, 0.4]","[0.6, 0.4]",0.0,"{""conversation"": 2.927501078609026, ""empathy"": 1.016127748482738}",empathy,
linear,pair,conversation+brainstorming,-0.7743103027344151,23.13574962615963,0,"[0.4, 0.6]","[0.4, 0.6]",0.0,"{""brainstorming"": -23.13574962615963, ""conversation"": 1.5767443265165242}",brainstorming,
linear,pair,conversation+creative,7.046315002441374,19.396297264099083,0,"[0.4, 0.6]","[0.4, 0.6]",0.0,"{""conversation"": 0.8162869962895849, ""creative"": -19.396297264099083}",creative,
linear,pair,conversation+company,22.657539772987306,11.184768009185753,0,"[0.6, 0.4]","[0.6, 0.4]",0.0,"{""company"": -11.184768009185753, ""conversation"": 4.412757787557166}",company,
linear,pair,conversation+docker,51.89866714477538,46.84988670349117,0,"[0.6, 0.4]","[0.4, 0.6]",3.0905723571777344,"{""conversation"": -6.621136422469583, ""docker"": -46.84988670349117}",docker,
linear,pair,conversation+gsm8k,19.04412441253659,1.1125127275865045,0,"[0.8, 0.2]","[0.8, 0.2]",0.0,"{""conversation"": -1.1125127275865045, ""gsm8k"": 8.336492252349892}",conversation,
linear,pair,conversation+textsql,0.43674267721476484,1.5046425273975352,0,"[0.6, 0.4]","[0.4, 0.6]",3.48450082292963,"{""conversation"": -0.4107869531452239, ""textsql"": -1.5046425273975352}",textsql,
linear,pair,colorist+flex,44.05235939025877,41.5391843795776,0,"[0.6, 0.4]","[0.4, 0.6]",0.682377815246582,"{""colorist"": -14.953247833251915, ""flex"": -41.5391843795776}",flex,
linear,pair,colorist+energy,29.945764470100393,40.28381519317623,0,"[0.6, 0.4]","[0.2, 0.8]",4.902243614196777,"{""colorist"": -28.37092094421383, ""energy"": -40.28381519317623}",energy,
linear,pair,colorist+physics,68.80032591819764,75.12622289657588,0,"[0.6, 0.4]","[0.6, 0.4]",0.0,"{""colorist"": -33.91935043334957, ""physics"": -75.12622289657588}",physics,
linear,pair,colorist+empathy,14.058777022361738,-0.7294142182561245,1,"[0.4, 0.6]","[0.4, 0.6]",0.0,"{""colorist"": 9.776123237609902, ""empathy"": 0.7294142182561245}",empathy,
linear,pair,colorist+brainstorming,21.259591507911654,31.798617172241173,0,"[0.2, 0.8]","[0.2, 0.8]",0.0,"{""brainstorming"": -31.798617172241173, ""colorist"": -10.358754920959434}",brainstorming,
linear,pair,colorist+creative,26.223298835754367,14.8440521240234,0,"[0.4, 0.6]","[0.6, 0.4]",1.4130234718322754,"{""colorist"": -8.3820741653442, ""creative"": -14.8440521240234}",creative,
linear,pair,colorist+company,19.341797161102207,19.517521190643272,0,"[0.6, 0.4]","[0.6, 0.4]",0.0,"{""colorist"": -8.54088478088375, ""company"": -19.517521190643272}",company,
linear,pair,colorist+docker,40.223938751220714,52.99414806365963,0,"[0.4, 0.6]","[0.6, 0.4]",10.266661643981934,"{""colorist"": -44.26738433837887, ""docker"": -52.99414806365963}",docker,
linear,pair,colorist+gsm8k,31.34489588737486,19.915453720092735,0,"[0.6, 0.4]","[0.6, 0.4]",0.0,"{""colorist"": -19.915453720092735, ""gsm8k"": 10.502489280700722}",colorist,
linear,pair,colorist+textsql,-0.3041697535113195,4.748217391967735,0,"[0.2, 0.8]","[0.6, 0.4]",17.21963882446289,"{""colorist"": -4.748217391967735, ""textsql"": -4.042368833045643}",colorist,
linear,pair,flex+energy,60.70451073646545,57.54641704559322,0,"[0.2, 0.8]","[0.2, 0.8]",0.0,"{""energy"": -53.57898883819576, ""flex"": -57.54641704559322}",flex,
linear,pair,flex+physics,56.20989971160889,68.76032762527461,0,"[0.4, 0.6]","[0.4, 0.6]",0.0,"{""flex"": -60.78354530334469, ""physics"": -68.76032762527461}",physics,
linear,pair,flex+empathy,29.36912469863887,21.82603292465206,0,"[0.2, 0.8]","[0.4, 0.6]",0.820159912109375,"{""empathy"": -0.963069882063017, ""flex"": -21.82603292465206}",flex,
linear,pair,flex+brainstorming,31.931793022155738,33.425657081603966,0,"[0.2, 0.8]","[0.2, 0.8]",0.0,"{""brainstorming"": -33.425657081603966, ""flex"": -17.699782180786094}",brainstorming,
linear,pair,flex+creative,36.05323605537411,38.735036182403526,0,"[0.2, 0.8]","[0.2, 0.8]",0.0,"{""creative"": -35.439793395996055, ""flex"": -38.735036182403526}",flex,
linear,pair,flex+company,91.30968623161323,67.94474534988399,0,"[0.4, 0.6]","[0.4, 0.6]",0.0,"{""company"": -56.50977306365963, ""flex"": -67.94474534988399}",flex,
linear,pair,flex+docker,166.79967098236094,149.59439449310298,0,"[0.8, 0.2]","[0.8, 0.2]",0.0,"{""docker"": -102.88695507049556, ""flex"": -149.59439449310298}",flex,
linear,pair,flex+gsm8k,93.42515282630924,89.32540826797481,0,"[0.4, 0.6]","[0.6, 0.4]",1.2136578559875488,"{""flex"": -89.32540826797481, ""gsm8k"": -23.034004497528038}",flex,
linear,pair,flex+textsql,38.99211220741268,63.02259378433224,0,"[0.2, 0.8]","[0.4, 0.6]",0.07100105285644531,"{""flex"": -63.02259378433224, ""textsql"": -4.914521697242182}",flex,
linear,pair,energy+physics,63.59093122482298,59.283248710632286,0,"[0.8, 0.2]","[0.8, 0.2]",0.0,"{""energy"": -53.460327911376915, ""physics"": -59.283248710632286}",physics,
linear,pair,energy+empathy,12.556270289421064,12.170628833770714,0,"[0.4, 0.6]","[0.4, 0.6]",0.0,"{""empathy"": 0.2559940457512838, ""energy"": -12.170628833770714}",energy,
linear,pair,energy+brainstorming,29.319218921661356,34.61505584716793,0,"[0.4, 0.6]","[0.2, 0.8]",0.690460205078125,"{""brainstorming"": -34.61505584716793, ""energy"": -20.566300678253135}",brainstorming,
linear,pair,energy+creative,24.693162965774512,26.225594806671104,0,"[0.4, 0.6]","[0.2, 0.8]",0.9268760681152344,"{""creative"": -25.19975118637081, ""energy"": -26.225594806671104}",energy,
linear,pair,energy+company,50.954337644576995,40.76995067596432,0,"[0.8, 0.2]","[0.6, 0.4]",0.9537816047668457,"{""company"": -40.76995067596432, ""energy"": -39.45551328659054}",company,
linear,pair,energy+docker,46.91941313743591,53.580800819396934,0,"[0.6, 0.4]","[0.8, 0.2]",0.009608268737792969,"{""docker"": -53.580800819396934, ""energy"": -49.25882034301754}",docker,
linear,pair,energy+gsm8k,46.722636151313786,45.37867717742916,0,"[0.6, 0.4]","[0.8, 0.2]",5.211329460144043,"{""energy"": -45.37867717742916, ""gsm8k"": 2.4571854591370013}",energy,
linear,pair,energy+textsql,28.918795514106737,34.867612648010216,0,"[0.2, 0.8]","[0.6, 0.4]",3.130340576171875,"{""energy"": -34.867612648010216, ""textsql"": -4.353881819276625}",energy,
linear,pair,physics+empathy,25.257449674606328,22.509030628204307,0,"[0.4, 0.6]","[0.4, 0.6]",0.0,"{""empathy"": -0.7027192089573943, ""physics"": -22.509030628204307}",physics,
linear,pair,physics+brainstorming,22.483184862136802,29.45920639038082,0,"[0.2, 0.8]","[0.2, 0.8]",0.0,"{""brainstorming"": -29.45920639038082, ""physics"": -24.923292922973594}",brainstorming,
linear,pair,physics+creative,31.004022884368894,34.37902145385738,0,"[0.2, 0.8]","[0.2, 0.8]",0.0,"{""creative"": -27.009670066833458, ""physics"": -34.37902145385738}",physics,
linear,pair,physics+company,60.96078269481662,49.95882921218868,0,"[0.4, 0.6]","[0.4, 0.6]",0.0,"{""company"": -35.05548648834225, ""physics"": -49.95882921218868}",physics,
linear,pair,physics+docker,83.78126673698429,75.8097570419311,0,"[0.6, 0.4]","[0.4, 0.6]",2.902090549468994,"{""docker"": -65.87984972000118, ""physics"": -75.8097570419311}",physics,
linear,pair,physics+gsm8k,110.00013999938969,125.31381063461299,0,"[0.4, 0.6]","[0.4, 0.6]",0.0,"{""gsm8k"": -30.995957183837852, ""physics"": -125.31381063461299}",physics,
linear,pair,physics+textsql,30.606067705154373,44.21273880004879,0,"[0.2, 0.8]","[0.2, 0.8]",0.0,"{""physics"": -44.21273880004879, ""textsql"": -1.6160310706113765}",physics,
linear,pair,empathy+brainstorming,5.6367784023284635,20.899693298339805,0,"[0.4, 0.6]","[0.4, 0.6]",0.0,"{""brainstorming"": -20.899693298339805, ""empathy"": 0.19908045889042805}",brainstorming,
linear,pair,empathy+creative,-0.2934150786695541,16.080002117156944,0,"[0.6, 0.4]","[0.4, 0.6]",1.473832130432129,"{""creative"": -16.080002117156944, ""empathy"": 0.5757081193604923}",creative,
linear,pair,empathy+company,7.634650993347094,10.397486019134483,0,"[0.6, 0.4]","[0.6, 0.4]",0.0,"{""company"": -10.397486019134483, ""empathy"": 0.4390370648155943}",company,
linear,pair,empathy+docker,19.124585318565344,10.600761699676475,0,"[0.6, 0.4]","[0.6, 0.4]",0.0,"{""docker"": -10.600761699676475, ""empathy"": -0.3538231940181995}",docker,
linear,pair,empathy+gsm8k,-0.19258152563738085,-0.21216909147960786,1,"[0.8, 0.2]","[0.8, 0.2]",0.0,"{""empathy"": 0.21216909147960786, ""gsm8k"": 12.32626028060917}",empathy,
linear,pair,empathy+textsql,0.2461904708545306,-0.15360469298883386,1,"[0.6, 0.4]","[0.4, 0.6]",0.609602043556856,"{""empathy"": 0.15360469298883386, ""textsql"": 2.2211974629681666}",empathy,
linear,pair,brainstorming+creative,17.352496910095198,37.627736854553184,0,"[0.8, 0.2]","[0.8, 0.2]",0.0,"{""brainstorming"": -37.627736854553184, ""creative"": -27.137033271789512}",brainstorming,
linear,pair,brainstorming+company,12.651877927780149,21.0165899276733,0,"[0.6, 0.4]","[0.6, 0.4]",0.0,"{""brainstorming"": -21.0165899276733, ""company"": -8.27368907928463}",brainstorming,
linear,pair,brainstorming+docker,43.935856151580815,34.2044036865234,0,"[0.6, 0.4]","[0.8, 0.2]",5.581879615783691,"{""brainstorming"": -34.2044036865234, ""docker"": -32.86341838836666}",brainstorming,
linear,pair,brainstorming+gsm8k,10.060924816131553,31.47296123504635,0,"[0.8, 0.2]","[0.8, 0.2]",0.0,"{""brainstorming"": -31.47296123504635, ""gsm8k"": 10.513420772552529}",brainstorming,
linear,pair,brainstorming+textsql,9.10960369110104,19.72092800140377,0,"[0.6, 0.4]","[0.6, 0.4]",0.0,"{""brainstorming"": -19.72092800140377, ""textsql"": -1.8871723335072859}",brainstorming,
linear,pair,creative+company,16.254486370086653,21.755198764800987,0,"[0.6, 0.4]","[0.6, 0.4]",0.0,"{""company"": -9.294871616363487, ""creative"": -21.755198764800987}",creative,
linear,pair,creative+docker,45.69185130596159,39.77458887100216,0,"[0.6, 0.4]","[0.8, 0.2]",14.717483520507812,"{""creative"": -39.77458887100216, ""docker"": -37.06136159896847}",creative,
linear,pair,creative+gsm8k,16.953567790985055,39.248530197143516,0,"[0.8, 0.2]","[0.8, 0.2]",0.0,"{""creative"": -39.248530197143516, ""gsm8k"": -2.7188342094421003}",creative,
linear,pair,creative+textsql,5.398611354827807,18.913976478576622,0,"[0.8, 0.2]","[0.8, 0.2]",0.0,"{""creative"": -18.913976478576622, ""textsql"": -6.287814620047369}",creative,
linear,pair,company+docker,57.112802791595485,54.88835983276363,0,"[0.6, 0.4]","[0.6, 0.4]",0.0,"{""company"": -54.88835983276363, ""docker"": -47.931150722503624}",company,
linear,pair,company+gsm8k,44.05655555725096,32.47253112792965,0,"[0.4, 0.6]","[0.4, 0.6]",0.0,"{""company"": -32.47253112792965, ""gsm8k"": 23.12492914199833}",company,
linear,pair,company+textsql,9.706024456024153,15.16526155471798,0,"[0.4, 0.6]","[0.4, 0.6]",0.0,"{""company"": -15.16526155471798, ""textsql"": 0.8345690658745133}",company,
linear,pair,docker+gsm8k,33.91405634880064,50.271431732177696,0,"[0.6, 0.4]","[0.6, 0.4]",0.0,"{""docker"": -50.271431732177696, ""gsm8k"": -23.634318637847862}",docker,
linear,pair,docker+textsql,25.570464658737173,20.441107082366905,0,"[0.4, 0.6]","[0.2, 0.8]",5.031776428222656,"{""docker"": -20.441107082366905, ""textsql"": -1.8252679539159407}",docker,
linear,pair,gsm8k+textsql,-0.2318956321014768,-2.5241479667616717,1,"[0.4, 0.6]","[0.2, 0.8]",1.4547187989241703,"{""gsm8k"": 7.670279216766396, ""textsql"": 2.5241479667616717}",textsql,
linear,triple,conversation+colorist+flex,27.82608680725091,16.73456840515133,0,"[0.4, 0.4, 0.2]","[0.4, 0.2, 0.4]",6.370425224304199,"{""colorist"": -8.15018825531002, ""conversation"": -2.7921951850893088, ""flex"": -16.73456840515133}",flex,
linear,triple,conversation+colorist+energy,29.620782661437964,20.661262798309288,0,"[0.4, 0.4, 0.2]","[0.4, 0.2, 0.4]",3.829646110534668,"{""colorist"": -8.98925476074215, ""conversation"": -3.078454568987833, ""energy"": -20.661262798309288}",energy,
linear,triple,conversation+colorist+physics,51.00804977416995,48.464767265319786,0,"[0.4, 0.4, 0.2]","[0.6, 0.2, 0.2]",5.567431449890137,"{""colorist"": -26.66229419708248, ""conversation"": -3.8512494606954872, ""physics"": -48.464767265319786}",physics,
linear,triple,conversation+colorist+empathy,14.76161890029905,-0.7473033682067609,1,"[0.2, 0.4, 0.4]","[0.2, 0.2, 0.6]",0.2609652311672011,"{""colorist"": 4.140217971801796, ""conversation"": 2.308420916386228, ""empathy"": 0.7473033682067609}",empathy,
linear,triple,conversation+colorist+brainstorming,18.708733844757056,25.299779701232872,0,"[0.2, 0.2, 0.6]","[0.4, 0.2, 0.4]",0.0766754150390625,"{""brainstorming"": -25.299779701232872, ""colorist"": -4.65137176513668, ""conversation"": 0.5106592458365692}",brainstorming,
linear,triple,conversation+colorist+creative,29.120806980133025,16.004065799713096,0,"[0.4, 0.4, 0.2]","[0.2, 0.4, 0.4]",0.3931760787963867,"{""colorist"": -7.558266448974571, ""conversation"": -2.591727500215722, ""creative"": -16.004065799713096}",creative,
linear,triple,conversation+colorist+company,10.068599510192863,7.053963470458946,0,"[0.4, 0.2, 0.4]","[0.4, 0.2, 0.4]",0.0,"{""colorist"": -7.053963470458946, ""company"": -4.147795963287315, ""conversation"": 3.516771938907585}",colorist,
linear,triple,conversation+colorist+docker,42.88113527297971,40.63185863494869,0,"[0.4, 0.2, 0.4]","[0.4, 0.2, 0.4]",0.0,"{""colorist"": -37.71659545898434, ""conversation"": -3.0218664250582448, ""docker"": -40.63185863494869}",docker,
linear,triple,conversation+colorist+gsm8k,29.097513484954888,3.2079380035400007,0,"[0.6, 0.2, 0.2]","[0.4, 0.4, 0.2]",7.810783386230469,"{""colorist"": -3.2079380035400007, ""conversation"": -2.3853300543618947, ""gsm8k"": 13.93082923889164}",colorist,
linear,triple,conversation+colorist+textsql,5.316690731048565,2.0347135803460317,0,"[0.4, 0.2, 0.4]","[0.4, 0.2, 0.4]",0.0,"{""colorist"": 7.280357551574745, ""conversation"": 0.2980006903097765, ""textsql"": -2.0347135803460317}",textsql,
linear,triple,conversation+flex+energy,37.80183010101318,29.870478439331016,0,"[0.4, 0.2, 0.4]","[0.4, 0.2, 0.4]",0.0,"{""conversation"": -2.7234765726119594, ""energy"": -29.870478439331016, ""flex"": -28.769091892242393}",energy,
linear,triple,conversation+flex+physics,48.81028347015381,46.675638484954796,0,"[0.6, 0.2, 0.2]","[0.6, 0.2, 0.2]",0.0,"{""conversation"": -2.1961920786953146, ""flex"": -38.58654909133907, ""physics"": -46.675638484954796}",physics,
linear,triple,conversation+flex+empathy,21.844522285461398,15.594867992401085,0,"[0.4, 0.2, 0.4]","[0.4, 0.2, 0.4]",0.0,"{""conversation"": 1.1684105617395806, ""empathy"": 0.298842059343502, ""flex"": -15.594867992401085}",flex,
linear,triple,conversation+flex+brainstorming,26.636521148681624,29.11593132019039,0,"[0.2, 0.2, 0.6]","[0.2, 0.2, 0.6]",0.0,"{""brainstorming"": -29.11593132019039, ""conversation"": 0.44730951764604365, ""flex"": -12.78512887954708}",brainstorming,
linear,triple,conversation+flex+creative,25.8232753753662,25.77244453430172,0,"[0.4, 0.2, 0.4]","[0.4, 0.2, 0.4]",0.0,"{""conversation"": 0.46379066356027265, ""creative"": -19.964579868316612, ""flex"": -25.77244453430172}",flex,
linear,triple,conversation+flex+company,43.2667177200318,20.67631893157955,0,"[0.6, 0.2, 0.2]","[0.6, 0.2, 0.2]",0.0,"{""company"": -18.701605129241905, ""conversation"": 3.528258693588748, ""flex"": -20.67631893157955}",flex,
linear,triple,conversation+flex+docker,62.15938739776608,49.316934871673546,0,"[0.6, 0.2, 0.2]","[0.6, 0.2, 0.2]",0.0,"{""conversation"": -0.8896669255328329, ""docker"": -49.316934871673546, ""flex"": -41.23988561630245}",docker,
linear,triple,conversation+flex+gsm8k,43.4585731506348,36.68380193710323,0,"[0.6, 0.2, 0.2]","[0.6, 0.2, 0.2]",0.0,"{""conversation"": -2.4284174648373456, ""flex"": -36.68380193710323, ""gsm8k"": 7.730444145202675}",flex,
linear,triple,conversation+flex+textsql,17.154042053222646,17.154089736938438,0,"[0.4, 0.2, 0.4]","[0.4, 0.2, 0.4]",0.0,"{""conversation"": 0.054747605487962724, ""flex"": -17.154089736938438, ""textsql"": -2.869914897033439}",flex,
linear,triple,conversation+energy+physics,49.696723747253486,47.04207592010494,0,"[0.6, 0.2, 0.2]","[0.4, 0.4, 0.2]",0.9956598281860352,"{""conversation"": -6.380899991371128, ""energy"": -28.386215496063194, ""physics"": -47.04207592010494}",physics,
linear,triple,conversation+energy+empathy,13.135246562957743,8.521107959747276,0,"[0.2, 0.4, 0.4]","[0.2, 0.4, 0.4]",0.0,"{""conversation"": 0.13102165846923808, ""empathy"": 0.47419085739650857, ""energy"": -8.521107959747276}",energy,
linear,triple,conversation+energy+brainstorming,25.00828914642333,28.655235099792442,0,"[0.4, 0.2, 0.4]","[0.4, 0.2, 0.4]",0.0,"{""brainstorming"": -28.655235099792442, ""conversation"": -0.20329536629562517, ""energy"": -11.959091949462852}",brainstorming,
linear,triple,conversation+energy+creative,26.591376590728753,22.723142433166466,0,"[0.2, 0.2, 0.6]","[0.4, 0.2, 0.4]",0.8057594299316406,"{""conversation"": -0.9528699628958495, ""creative"": -20.416502285003624, ""energy"": -22.723142433166466}",energy,
linear,triple,conversation+energy+company,31.026915836334325,18.918005752563438,0,"[0.4, 0.4, 0.2]","[0.6, 0.2, 0.2]",0.00909566879272461,"{""company"": -15.50729684829708, ""conversation"": 1.1615833980498749, ""energy"": -18.918005752563438}",energy,
linear,triple,conversation+energy+docker,46.4126270294189,48.943142223358116,0,"[0.2, 0.6, 0.2]","[0.4, 0.4, 0.2]",0.3110647201538086,"{""conversation"": -3.5169652256450084, ""docker"": -48.943142223358116, ""energy"": -38.96025829315182}",docker,
linear,triple,conversation+energy+gsm8k,32.507733631134066,23.69344644546505,0,"[0.6, 0.2, 0.2]","[0.4, 0.4, 0.2]",0.3442049026489258,"{""conversation"": -4.1018060229528, ""energy"": -23.69344644546505, ""gsm8k"": 17.29691810607914}",energy,
linear,triple,conversation+energy+textsql,17.24867038726804,9.602479267120323,0,"[0.4, 0.2, 0.4]","[0.4, 0.4, 0.2]",0.25783777236938477,"{""conversation"": -0.8351255500906032, ""energy"": -9.602479267120323, ""textsql"": -6.180279796074023}",energy,
linear,triple,conversation+physics+empathy,28.89239006042478,33.93986635208126,0,"[0.2, 0.2, 0.6]","[0.2, 0.2, 0.6]",0.0,"{""conversation"": -2.3254870998360513, ""empathy"": -0.0730011556446737, ""physics"": -33.93986635208126}",physics,
linear,triple,conversation+physics+brainstorming,15.805165100097653,23.58886413574215,0,"[0.2, 0.2, 0.6]","[0.2, 0.2, 0.6]",0.0,"{""brainstorming"": -23.58886413574215, ""conversation"": 1.2291060488394168, ""physics"": -15.062693881988487}",brainstorming,
linear,triple,conversation+physics+creative,37.493483352661116,37.411741542816124,0,"[0.6, 0.2, 0.2]","[0.2, 0.2, 0.6]",7.806873321533203,"{""conversation"": -3.406871170937958, ""creative"": -26.85586624145504, ""physics"": -37.411741542816124}",physics,
linear,triple,conversation+physics+company,27.36596279144293,25.969127941131553,0,"[0.6, 0.2, 0.2]","[0.4, 0.4, 0.2]",5.4853081703186035,"{""company"": -14.082340526580772, ""conversation"": -1.9412123565449995, ""physics"": -25.969127941131553}",physics,
linear,triple,conversation+physics+docker,65.18694572448732,60.36862545013424,0,"[0.4, 0.2, 0.4]","[0.6, 0.2, 0.2]",4.9849867820739675,"{""conversation"": -2.8314220381396153, ""docker"": -60.36862545013424, ""physics"": -59.69503335952755}",docker,
linear,triple,conversation+physics+gsm8k,62.6840274810791,56.19734935760494,0,"[0.6, 0.2, 0.2]","[0.6, 0.2, 0.2]",0.0,"{""conversation"": -5.906129087928208, ""gsm8k"": 1.9194561958313372, ""physics"": -56.19734935760494}",physics,
linear,triple,conversation+physics+textsql,23.999873924255365,32.99118690490719,0,"[0.4, 0.2, 0.4]","[0.4, 0.2, 0.4]",0.0,"{""conversation"": -1.158932608508068, ""physics"": -32.99118690490719, ""textsql"": -5.309696519609811}",physics,
linear,triple,conversation+empathy+brainstorming,3.6933224678039385,18.88636760711666,0,"[0.2, 0.2, 0.6]","[0.2, 0.4, 0.4]",3.973722457885742,"{""brainstorming"": -18.88636760711666, ""conversation"": 2.0626257658124083, ""empathy"": 0.7333583340348836}",brainstorming,
linear,triple,conversation+empathy+creative,-0.7250525279955383,12.170593070983848,0,"[0.6, 0.2, 0.2]","[0.2, 0.2, 0.6]",5.467796325683594,"{""conversation"": 1.8002752610233843, ""creative"": -12.170593070983848, ""empathy"": 0.5682825283362544}",creative,
linear,triple,conversation+empathy+company,10.478023815155012,8.661715316772423,0,"[0.2, 0.6, 0.2]","[0.4, 0.4, 0.2]",1.861560344696045,"{""company"": -8.661715316772423, ""conversation"": 3.789911985503495, ""empathy"": 1.354068864177311}",company,
linear,triple,conversation+empathy+docker,29.04196195602414,17.023722457885704,0,"[0.2, 0.6, 0.2]","[0.2, 0.6, 0.2]",0.0,"{""conversation"": 0.9366925532832858, ""docker"": -17.023722457885704, ""empathy"": 0.4640892984241905}",docker,
linear,triple,conversation+empathy+gsm8k,7.173840332031283,-0.3360453878678057,1,"[0.4, 0.4, 0.2]","[0.4, 0.4, 0.2]",0.0,"{""conversation"": 0.3360453878678057, ""empathy"": 0.5262511192916127, ""gsm8k"": 13.673444461822548}",conversation,
linear,triple,conversation+empathy+textsql,0.2604576000409797,0.22944683071735378,0,"[0.4, 0.2, 0.4]","[0.2, 0.4, 0.4]",2.0696359038175904,"{""conversation"": 0.9370308050737769, ""empathy"": 0.6514483824801206, ""textsql"": -0.22944683071735378}",textsql,
linear,triple,conversation+brainstorming+creative,11.843244361877412,32.27271251678463,0,"[0.2, 0.6, 0.2]","[0.2, 0.6, 0.2]",0.0,"{""brainstorming"": -32.27271251678463, ""conversation"": 0.5328130123392872, ""creative"": -23.0227630615234}",brainstorming,
linear,triple,conversation+brainstorming+company,7.552079486846935,16.46780185699459,0,"[0.2, 0.6, 0.2]","[0.2, 0.6, 0.2]",0.0,"{""brainstorming"": -16.46780185699459, ""company"": -0.4242461204528425, ""conversation"": 3.432012252998533}",brainstorming,
linear,triple,conversation+brainstorming+docker,50.370709228515594,38.544766235351524,0,"[0.2, 0.4, 0.4]","[0.2, 0.6, 0.2]",13.045644760131836,"{""brainstorming"": -38.544766235351524, ""conversation"": 0.19550694624212617, ""docker"": -37.39229850769039}",brainstorming,
linear,triple,conversation+brainstorming+gsm8k,15.994707870483426,25.654689598083458,0,"[0.6, 0.2, 0.2]","[0.2, 0.6, 0.2]",8.228445053100586,"{""brainstorming"": -25.654689598083458, ""conversation"": -1.8189671239968936, ""gsm8k"": 14.443810653686562}",brainstorming,
linear,triple,conversation+brainstorming+textsql,0.0647166452695232,8.0510776519775,0,"[0.2, 0.4, 0.4]","[0.2, 0.4, 0.4]",0.0,"{""brainstorming"": -8.0510776519775, ""conversation"": 1.0968599534040901, ""textsql"": -0.497914575890169}",brainstorming,
linear,triple,conversation+creative+company,13.061706352233866,14.038888740539512,0,"[0.2, 0.4, 0.4]","[0.2, 0.4, 0.4]",0.0,"{""company"": -2.2139709472655866, ""conversation"": 2.211397877297437, ""creative"": -14.038888740539512}",creative,
linear,triple,conversation+creative+docker,41.92600660324093,34.02017765045162,0,"[0.4, 0.2, 0.4]","[0.2, 0.6, 0.2]",13.37970495223999,"{""conversation"": -0.6527180947450169, ""creative"": -31.85565881729122, ""docker"": -34.02017765045162}",docker,
linear,triple,conversation+creative+gsm8k,28.13470773696899,32.21155815124508,0,"[0.6, 0.2, 0.2]","[0.6, 0.2, 0.2]",0.0,"{""conversation"": -2.0527249978427817, ""creative"": -32.21155815124508, ""gsm8k"": 4.035409164428749}",creative,
linear,triple,conversation+creative+textsql,0.7878463745116946,8.866910266876182,0,"[0.4, 0.4, 0.2]","[0.4, 0.4, 0.2]",0.0,"{""conversation"": 1.125601000949176, ""creative"": -8.866910266876182, ""textsql"": -5.187477419613825}",creative,
linear,triple,conversation+company+docker,37.177006530761744,30.13110570907589,0,"[0.2, 0.4, 0.4]","[0.4, 0.4, 0.2]",10.245466232299805,"{""company"": -21.34662084579464, ""conversation"": 3.1594831305548365, ""docker"": -30.13110570907589}",docker,
linear,triple,conversation+company+gsm8k,16.121260452270512,7.694463062286339,0,"[0.4, 0.4, 0.2]","[0.6, 0.2, 0.2]",2.587127685546875,"{""company"": -7.694463062286339, ""conversation"": 0.4526387091207179, ""gsm8k"": 22.64422960281376}",company,
linear,triple,conversation+company+textsql,5.690817165374725,2.4934571266173933,0,"[0.2, 0.4, 0.4]","[0.4, 0.2, 0.4]",1.652991771697998,"{""company"": -2.4934571266173933, ""conversation"": 3.038269911122616, ""textsql"": -1.4110894785436152}",company,
linear,triple,conversation+docker+gsm8k,27.754906940460234,26.662818717956505,0,"[0.4, 0.4, 0.2]","[0.4, 0.4, 0.2]",0.0,"{""conversation"": -2.032024333419622, ""docker"": -26.662818717956505, ""gsm8k"": -1.2338917732238386}",docker,
linear,triple,conversation+docker+textsql,33.51202421188354,24.259487915039024,0,"[0.2, 0.2, 0.6]","[0.2, 0.2, 0.6]",0.0,"{""conversation"": -3.78172491155406, ""docker"": -24.259487915039024, ""textsql"": -5.061553129139737}",docker,
linear,triple,conversation+gsm8k+textsql,9.599677848815908,1.13607817758219,0,"[0.6, 0.2, 0.2]","[0.2, 0.2, 0.6]",6.651792642537436,"{""conversation"": -1.13607817758219, ""gsm8k"": 15.457697582244911, ""textsql"": 1.634496808638754}",conversation,
linear,triple,colorist+flex+energy,37.23501377105711,39.439169692993126,0,"[0.6, 0.2, 0.2]","[0.4, 0.2, 0.4]",3.2979488372802734,"{""colorist"": -14.049021530151329, ""energy"": -39.439169692993126, ""flex"": -35.1911824226379}",energy,
linear,triple,colorist+flex+physics,42.193619537353484,50.694517421722374,0,"[0.4, 0.4, 0.2]","[0.2, 0.4, 0.4]",3.2787442207336426,"{""colorist"": -17.579619216918907, ""flex"": -44.99128274917599, ""physics"": -50.694517421722374}",physics,
linear,triple,colorist+flex+empathy,16.8749135017395,12.05324344635006,0,"[0.4, 0.2, 0.4]","[0.2, 0.2, 0.6]",0.21870136260986328,"{""colorist"": 5.541761589050331, ""empathy"": -0.1886566969991505, ""flex"": -12.05324344635006}",flex,
linear,triple,colorist+flex+brainstorming,27.654973793029782,34.52614955902096,0,"[0.2, 0.2, 0.6]","[0.2, 0.2, 0.6]",0.0,"{""brainstorming"": -34.52614955902096, ""colorist"": -4.7238748550414655, ""flex"": -14.309589195251426}",brainstorming,
linear,triple,colorist+flex+creative,30.159775543212874,33.6144845962524,0,"[0.4, 0.2, 0.4]","[0.2, 0.2, 0.6]",0.7842302322387695,"{""colorist"": -7.440225410461387, ""creative"": -27.46076993942257, ""flex"": -33.6144845962524}",flex,
linear,triple,colorist+flex+company,31.834165382385308,26.43341236114498,0,"[0.6, 0.2, 0.2]","[0.4, 0.2, 0.4]",2.5508522987365723,"{""colorist"": -8.899633216857872, ""company"": -26.43341236114498, ""flex"": -23.613170909881553}",company,
linear,triple,colorist+flex+docker,62.3415868759156,62.89530210494991,0,"[0.6, 0.2, 0.2]","[0.6, 0.2, 0.2]",0.0,"{""colorist"": -27.20381431579586, ""docker"": -44.298950958251915, ""flex"": -62.89530210494991}",flex,
linear,triple,colorist+flex+gsm8k,48.58345203399659,49.301485347747764,0,"[0.6, 0.2, 0.2]","[0.4, 0.4, 0.2]",11.09921932220459,"{""colorist"": -7.908765602111778, ""flex"": -49.301485347747764, ""gsm8k"": -8.61480646133419}",flex,
linear,triple,colorist+flex+textsql,20.06037645339962,28.435496616363487,0,"[0.4, 0.2, 0.4]","[0.4, 0.2, 0.4]",0.0,"{""colorist"": -2.247587966918907, ""flex"": -28.435496616363487, ""textsql"": -2.9270061418650397}",flex,
linear,triple,colorist+energy+physics,52.86900215148931,53.53128128051754,0,"[0.4, 0.4, 0.2]","[0.4, 0.4, 0.2]",0.0,"{""colorist"": -26.00900344848629, ""energy"": -51.99929885864254, ""physics"": -53.53128128051754}",physics,
linear,triple,colorist+energy+empathy,9.95693616867063,9.158365058898887,0,"[0.4, 0.2, 0.4]","[0.2, 0.2, 0.6]",4.306352138519287,"{""colorist"": 3.876980018615761, ""empathy"": 0.46747778636645415, ""energy"": -9.158365058898887}",energy,
linear,triple,colorist+energy+brainstorming,21.999995040893534,31.141511726379356,0,"[0.4, 0.2, 0.4]","[0.2, 0.2, 0.6]",3.2972335815429688,"{""brainstorming"": -31.141511726379356, ""colorist"": -9.77987461090084, ""energy"": -24.737886714935264}",brainstorming,
linear,triple,colorist+energy+creative,22.55957536697384,28.776590156555137,0,"[0.2, 0.4, 0.4]","[0.2, 0.2, 0.6]",3.0347466468811035,"{""colorist"": -8.339683341979942, ""creative"": -17.82294921874996, ""energy"": -28.776590156555137}",energy,
linear,triple,colorist+energy+company,21.16328887939453,24.446980285644493,0,"[0.4, 0.2, 0.4]","[0.4, 0.2, 0.4]",0.0,"{""colorist"": -13.952390480041466, ""company"": -24.290363121032676, ""energy"": -24.446980285644493}",energy,
linear,triple,colorist+energy+docker,34.61661748886103,44.216577339172325,0,"[0.4, 0.2, 0.4]","[0.2, 0.6, 0.2]",8.776402473449707,"{""colorist"": -33.987132835388145, ""docker"": -41.30605869293209, ""energy"": -44.216577339172325}",energy,
linear,triple,colorist+energy+gsm8k,23.406080532073947,30.169455337524376,0,"[0.4, 0.4, 0.2]","[0.4, 0.2, 0.4]",1.262366771697998,"{""colorist"": -13.255254554748497, ""energy"": -30.169455337524376, ""gsm8k"": 17.978389930725136}",energy,
linear,triple,colorist+energy+textsql,16.477922725677455,25.519696998596153,0,"[0.4, 0.2, 0.4]","[0.2, 0.4, 0.4]",3.037858009338379,"{""colorist"": -11.00973300933834, ""energy"": -25.519696998596153, ""textsql"": -1.420322347557304}",energy,
linear,triple,colorist+physics+empathy,24.18275289535523,25.35086088180538,0,"[0.2, 0.2, 0.6]","[0.2, 0.2, 0.6]",0.0,"{""colorist"": 0.5070049285889056, ""empathy"": 0.05414157029916656, ""physics"": -25.35086088180538}",physics,
linear,triple,colorist+physics+brainstorming,21.313337612152086,31.11917190551754,0,"[0.2, 0.2, 0.6]","[0.2, 0.2, 0.6]",0.0,"{""brainstorming"": -31.11917190551754, ""colorist"": -1.8656175613402937, ""physics"": -23.923794555664024}",brainstorming,
linear,triple,colorist+physics+creative,33.75232629776003,36.284450817108116,0,"[0.2, 0.2, 0.6]","[0.2, 0.2, 0.6]",0.0,"{""colorist"": -7.145063209533653, ""creative"": -25.265185165405235, ""physics"": -36.284450817108116}",physics,
linear,triple,colorist+physics+company,38.19365911483763,39.18325119018551,0,"[0.4, 0.2, 0.4]","[0.4, 0.2, 0.4]",0.0,"{""colorist"": -2.8091829299926374, ""company"": -24.669436740875206, ""physics"": -39.18325119018551}",physics,
linear,triple,colorist+physics+docker,72.8475850105285,77.15290002822871,0,"[0.6, 0.2, 0.2]","[0.2, 0.4, 0.4]",1.2224435806274414,"{""colorist"": -66.64127521514888, ""docker"": -65.49606733322139, ""physics"": -77.15290002822871}",physics,
linear,triple,colorist+physics+gsm8k,55.35771064758302,68.95478181838985,0,"[0.6, 0.2, 0.2]","[0.6, 0.2, 0.2]",0.0,"{""colorist"": -20.435516166686973, ""gsm8k"": -0.12318305969234444, ""physics"": -68.95478181838985}",physics,
linear,triple,colorist+physics+textsql,27.15528421401975,36.243860054016075,0,"[0.2, 0.2, 0.6]","[0.2, 0.2, 0.6]",0.0,"{""colorist"": -4.532615470886192, ""physics"": -36.243860054016075, ""textsql"": -1.7384910280598933}",physics,
linear,triple,colorist+empathy+brainstorming,13.778225708007785,20.289055633544884,0,"[0.4, 0.4, 0.2]","[0.2, 0.4, 0.4]",4.184579849243164,"{""brainstorming"": -20.289055633544884, ""colorist"": 0.7582742691040423, ""empathy"": 0.14012459533303231}",brainstorming,
linear,triple,colorist+empathy+creative,12.61642389297483,2.4400752067565534,0,"[0.4, 0.4, 0.2]","[0.4, 0.4, 0.2]",0.0,"{""colorist"": 5.416615676879921, ""creative"": -2.4400752067565534, ""empathy"": 0.32808331356237036}",creative,
linear,triple,colorist+empathy+company,6.454328823089618,4.611245918273887,0,"[0.4, 0.4, 0.2]","[0.2, 0.6, 0.2]",0.22475719451904297,"{""colorist"": 1.2216646194458392, ""company"": -4.611245918273887, ""empathy"": 0.6799533915492526}",company,
linear,triple,colorist+empathy+docker,22.681192684173595,10.789243507385216,0,"[0.2, 0.4, 0.4]","[0.2, 0.6, 0.2]",12.777423858642578,"{""colorist"": 0.4560787200928118, ""docker"": -10.789243507385216, ""empathy"": 0.1995381247943182}",docker,
linear,triple,colorist+empathy+gsm8k,15.152196216583285,-0.837685113612882,1,"[0.2, 0.6, 0.2]","[0.2, 0.6, 0.2]",0.0,"{""colorist"": 3.6115247726440813, ""empathy"": 0.837685113612882, ""gsm8k"": 22.122069072723427}",empathy,
linear,triple,colorist+empathy+textsql,0.9140800558260846,1.526777076721153,0,"[0.2, 0.2, 0.6]","[0.2, 0.4, 0.4]",6.734585762023926,"{""colorist"": -1.526777076721153, ""empathy"": -0.008610700810481927, ""textsql"": -0.780384167636787}",colorist,
linear,triple,colorist+brainstorming+creative,26.4227431297302,38.5855596542358,0,"[0.4, 0.4, 0.2]","[0.2, 0.6, 0.2]",3.5152196884155273,"{""brainstorming"": -38.5855596542358, ""colorist"": -11.914197731018028, ""creative"": -23.115591335296592}",brainstorming,
linear,triple,colorist+brainstorming+company,8.661107349395714,20.212570953369102,0,"[0.2, 0.4, 0.4]","[0.2, 0.4, 0.4]",0.0,"{""brainstorming"": -20.212570953369102, ""colorist"": 1.1280614852905657, ""company"": -8.567945289611778}",brainstorming,
linear,triple,colorist+brainstorming+docker,48.446265983581526,38.27726058959957,0,"[0.2, 0.6, 0.2]","[0.2, 0.6, 0.2]",0.0,"{""brainstorming"": -38.27726058959957, ""colorist"": -22.917024421691856, ""docker"": -34.02761631011959}",brainstorming,
linear,triple,colorist+brainstorming+gsm8k,12.185470390319853,25.36822967529293,0,"[0.4, 0.4, 0.2]","[0.2, 0.6, 0.2]",4.503202438354492,"{""brainstorming"": -25.36822967529293, ""colorist"": 0.7995683670044329, ""gsm8k"": 15.88015146255497}",brainstorming,
linear,triple,colorist+brainstorming+textsql,10.994402694702112,17.177812385559044,0,"[0.2, 0.4, 0.4]","[0.2, 0.4, 0.4]",0.0,"{""brainstorming"": -17.177812385559044, ""colorist"": 1.5941221237183, ""textsql"": -0.7894283649793264}",brainstorming,
linear,triple,colorist+creative+company,14.086715507507336,15.58041982650753,0,"[0.2, 0.4, 0.4]","[0.2, 0.6, 0.2]",2.4599194526672363,"{""colorist"": -0.5099695205688093, ""company"": -15.576760101318321, ""creative"": -15.58041982650753}",creative,
linear,triple,colorist+creative+docker,47.268525886535635,33.818582820892296,0,"[0.2, 0.4, 0.4]","[0.4, 0.4, 0.2]",22.179770469665527,"{""colorist"": -14.465300369262657, ""creative"": -30.06246500015255, ""docker"": -33.818582820892296}",docker,
linear,triple,colorist+creative+gsm8k,17.95559339523314,10.99588088989254,0,"[0.4, 0.4, 0.2]","[0.6, 0.2, 0.2]",1.675713062286377,"{""colorist"": -8.096067237853966, ""creative"": -10.99588088989254, ""gsm8k"": 1.4139849662781145}",creative,
linear,triple,colorist+creative+textsql,3.081981468200663,5.9329789161681745,0,"[0.2, 0.4, 0.4]","[0.4, 0.4, 0.2]",6.063783168792725,"{""colorist"": 7.91276283264164, ""creative"": -5.9329789161681745, ""textsql"": -3.9592449118863153}",creative,
linear,triple,colorist+company+docker,23.91200475692746,29.293970394134483,0,"[0.4, 0.4, 0.2]","[0.4, 0.4, 0.2]",0.0,"{""colorist"": -23.350564765930137, ""company"": -29.293970394134483, ""docker"": -18.838207054138145}",company,
linear,triple,colorist+company+gsm8k,8.08052234649655,9.22443084716793,0,"[0.4, 0.4, 0.2]","[0.4, 0.4, 0.2]",0.0,"{""colorist"": 11.376937103271523, ""company"": -9.22443084716793, ""gsm8k"": 24.47162456512455}",company,
linear,triple,colorist+company+textsql,4.302911090850799,12.273947525024376,0,"[0.2, 0.4, 0.4]","[0.2, 0.4, 0.4]",0.0,"{""colorist"": -12.273947525024376, ""company"": -10.63805036544796, ""textsql"": -1.4467965958813376}",colorist,
linear,triple,colorist+docker+gsm8k,38.256530094146754,49.012343215942344,0,"[0.2, 0.6, 0.2]","[0.4, 0.4, 0.2]",3.0776262283325195,"{""colorist"": -33.23740177154537, ""docker"": -49.012343215942344, ""gsm8k"": -23.87153320312496}",docker,
linear,triple,colorist+docker+textsql,25.82509927749632,25.22651367187496,0,"[0.2, 0.4, 0.4]","[0.4, 0.2, 0.4]",29.880428314208984,"{""colorist"": -25.22651367187496, ""docker"": -24.64625053405758, ""textsql"": -3.9929649552406565}",colorist,
linear,triple,colorist+gsm8k+textsql,-0.23925361857165384,-1.275988519128096,1,"[0.2, 0.2, 0.6]","[0.2, 0.2, 0.6]",0.0,"{""colorist"": 7.0145685195923235, ""gsm8k"": 10.51222867965702, ""textsql"": 1.275988519128096}",textsql,
linear,triple,flex+energy+physics,55.20941429138181,59.40162353515621,0,"[0.2, 0.6, 0.2]","[0.2, 0.6, 0.2]",0.0,"{""energy"": -53.90049629211422, ""flex"": -52.23544054031368, ""physics"": -59.40162353515621}",physics,
linear,triple,flex+energy+empathy,26.073388385772677,22.638468074798546,0,"[0.2, 0.4, 0.4]","[0.2, 0.2, 0.6]",0.7813572883605957,"{""empathy"": -0.41287281020640887, ""energy"": -22.17137031555172, ""flex"": -22.638468074798546}",flex,
linear,triple,flex+energy+brainstorming,31.528131294250517,33.96965675354,0,"[0.2, 0.2, 0.6]","[0.2, 0.2, 0.6]",0.0,"{""brainstorming"": -33.96965675354, ""energy"": -24.830238151550255, ""flex"": -18.4587400436401}",brainstorming,
linear,triple,flex+energy+creative,33.63672904968261,37.337867546081505,0,"[0.2, 0.2, 0.6]","[0.2, 0.2, 0.6]",0.0,"{""creative"": -30.606929588317833, ""energy"": -35.51680259704586, ""flex"": -37.337867546081505}",flex,
linear,triple,flex+energy+company,68.15656833648688,55.79224042892452,0,"[0.2, 0.6, 0.2]","[0.2, 0.4, 0.4]",0.9268641471862793,"{""company"": -44.56451349258419, ""energy"": -38.88631277084347, ""flex"": -55.79224042892452}",flex,
linear,triple,flex+energy+docker,83.17927532196052,68.78198795318599,0,"[0.2, 0.6, 0.2]","[0.2, 0.6, 0.2]",0.0,"{""docker"": -63.803319263458214, ""energy"": -60.25110893249508, ""flex"": -68.78198795318599}",flex,
linear,triple,flex+energy+gsm8k,69.43568401336668,57.172672080993614,0,"[0.2, 0.6, 0.2]","[0.2, 0.6, 0.2]",0.0,"{""energy"": -50.2496164321899, ""flex"": -57.172672080993614, ""gsm8k"": -4.90684919357296}",flex,
linear,triple,flex+energy+textsql,32.69309215545651,47.48107604980465,0,"[0.2, 0.2, 0.6]","[0.2, 0.6, 0.2]",3.42864990234375,"{""energy"": -39.61030654907223, ""flex"": -47.48107604980465, ""textsql"": -8.847402753803541}",flex,
linear,triple,flex+physics+empathy,23.081878948211685,30.120603370666466,0,"[0.2, 0.2, 0.6]","[0.2, 0.4, 0.4]",1.137709617614746,"{""empathy"": -0.8858433527471434, ""flex"": -26.300064849853477, ""physics"": -30.120603370666466}",physics,
linear,triple,flex+physics+brainstorming,27.276245880126957,36.47319488525387,0,"[0.2, 0.2, 0.6]","[0.2, 0.2, 0.6]",0.0,"{""brainstorming"": -36.47319488525387, ""flex"": -18.824593353271446, ""physics"": -34.4099324226379}",brainstorming,
linear,triple,flex+physics+creative,27.256457138061492,32.88287334442135,0,"[0.2, 0.4, 0.4]","[0.2, 0.4, 0.4]",0.0,"{""creative"": -30.541304874420128, ""flex"": -32.88287334442135, ""physics"": -30.562381076812706}",flex,
linear,triple,flex+physics+company,60.17162017822268,48.82474355697628,0,"[0.4, 0.4, 0.2]","[0.2, 0.4, 0.4]",10.845279693603516,"{""company"": -33.80091600418087, ""flex"": -37.945942211151085, ""physics"": -48.82474355697628}",physics,
linear,triple,flex+physics+docker,86.43507175445558,96.01259641647334,0,"[0.4, 0.4, 0.2]","[0.4, 0.4, 0.2]",0.0,"{""docker"": -67.12147407531734, ""flex"": -96.01259641647334, ""physics"": -77.61065177917476}",flex,
linear,triple,flex+physics+gsm8k,73.23233299255372,89.29827623367305,0,"[0.4, 0.4, 0.2]","[0.4, 0.4, 0.2]",0.0,"{""flex"": -85.95550470352168, ""gsm8k"": -26.362709331512413, ""physics"": -89.29827623367305}",physics,
linear,triple,flex+physics+textsql,31.848589706420885,51.09932832717892,0,"[0.2, 0.2, 0.6]","[0.2, 0.2, 0.6]",0.0,"{""flex"": -51.09932832717892, ""physics"": -45.27666978836056, ""textsql"": -1.691700453614869}",flex,
linear,triple,flex+empathy+brainstorming,21.34255580902096,26.015607643127403,0,"[0.2, 0.4, 0.4]","[0.2, 0.2, 0.6]",1.003861427307129,"{""brainstorming"": -26.015607643127403, ""empathy"": -0.7169466490131101, ""flex"": -9.98877696990963}",brainstorming,
linear,triple,flex+empathy+creative,19.830970096588107,20.36031894683834,0,"[0.2, 0.4, 0.4]","[0.2, 0.4, 0.4]",0.0,"{""creative"": -20.36031894683834, ""empathy"": -0.21540604455737278, ""flex"": -18.01252775192257}",creative,
linear,triple,flex+empathy+company,32.21244029998779,22.6854246139526,0,"[0.2, 0.6, 0.2]","[0.2, 0.6, 0.2]",0.0,"{""company"": -18.89474802017208, ""empathy"": 0.10404513902175827, ""flex"": -22.6854246139526}",flex,
linear,triple,flex+empathy+docker,49.110214042663614,33.2467358589172,0,"[0.2, 0.6, 0.2]","[0.2, 0.6, 0.2]",0.0,"{""docker"": -19.168428707122764, ""empathy"": -0.7485217697435387, ""flex"": -33.2467358589172}",flex,
linear,triple,flex+empathy+gsm8k,26.67509727478017,28.645376491546592,0,"[0.2, 0.6, 0.2]","[0.2, 0.6, 0.2]",0.0,"{""empathy"": -0.6065799040279192, ""flex"": -28.645376491546592, ""gsm8k"": 8.34763832092289}",flex,
linear,triple,flex+empathy+textsql,10.091153907775851,13.444761562347374,0,"[0.2, 0.4, 0.4]","[0.2, 0.4, 0.4]",0.0,"{""empathy"": -0.39990280339499323, ""flex"": -13.444761562347374, ""textsql"": 0.542714062060937}",flex,
linear,triple,flex+brainstorming+creative,34.360377120971656,37.00713329315182,0,"[0.2, 0.6, 0.2]","[0.2, 0.6, 0.2]",0.0,"{""brainstorming"": -37.00713329315182, ""creative"": -28.806416320800743, ""flex"": -21.006671714782676}",brainstorming,
linear,triple,flex+brainstorming+company,30.973188209533696,29.55960445404049,0,"[0.2, 0.6, 0.2]","[0.2, 0.6, 0.2]",0.0,"{""brainstorming"": -29.55960445404049, ""company"": -13.60518150329586, ""flex"": -9.665505218505821}",brainstorming,
linear,triple,flex+brainstorming+docker,54.764203357696495,40.273896980285606,0,"[0.2, 0.6, 0.2]","[0.2, 0.6, 0.2]",0.0,"{""brainstorming"": -40.273896980285606, ""docker"": -39.75731544494625, ""flex"": -36.004440116882286}",brainstorming,
linear,triple,flex+brainstorming+gsm8k,36.0263269424439,38.99628334045406,0,"[0.2, 0.6, 0.2]","[0.2, 0.6, 0.2]",0.0,"{""brainstorming"": -38.99628334045406, ""flex"": -28.757802772521934, ""gsm8k"": 6.73638172149662}",brainstorming,
linear,triple,flex+brainstorming+textsql,15.782956409454322,21.804634857177696,0,"[0.2, 0.4, 0.4]","[0.2, 0.4, 0.4]",0.0,"{""brainstorming"": -19.89924125671383, ""flex"": -21.804634857177696, ""textsql"": -1.3067259443619286}",flex,
linear,triple,flex+creative+company,33.436075973510754,28.250936794280967,0,"[0.2, 0.6, 0.2]","[0.2, 0.4, 0.4]",2.0150184631347656,"{""company"": -24.050204086303673, ""creative"": -28.250936794280967, ""flex"": -21.907452869415245}",creative,
linear,triple,flex+creative+docker,58.56916122436517,50.93917064666744,0,"[0.2, 0.6, 0.2]","[0.2, 0.6, 0.2]",0.0,"{""creative"": -48.53172712326046, ""docker"": -42.78657846450802, ""flex"": -50.93917064666744}",flex,
linear,triple,flex+creative+gsm8k,43.25534515380862,46.5223591804504,0,"[0.2, 0.6, 0.2]","[0.2, 0.6, 0.2]",0.0,"{""creative"": -43.13030652999874, ""flex"": -46.5223591804504, ""gsm8k"": -6.570915508270225}",flex,
linear,triple,flex+creative+textsql,13.642041015624962,23.907570171356163,0,"[0.2, 0.4, 0.4]","[0.2, 0.4, 0.4]",0.0,"{""creative"": -23.907570171356163, ""flex"": -21.672896671295128, ""textsql"": -0.1990586487896913}",creative,
linear,triple,flex+company+docker,112.79017143249513,90.30907564163203,0,"[0.2, 0.6, 0.2]","[0.2, 0.6, 0.2]",0.0,"{""company"": -61.71868257522579, ""docker"": -51.931981372833214, ""flex"": -90.30907564163203}",flex,
linear,triple,flex+company+gsm8k,58.70780162811276,55.116121101379356,0,"[0.2, 0.4, 0.4]","[0.2, 0.4, 0.4]",0.0,"{""company"": -38.69948797225948, ""flex"": -55.116121101379356, ""gsm8k"": 8.450790119171181}",flex,
linear,triple,flex+company+textsql,28.689901161193823,34.87410955429073,0,"[0.2, 0.2, 0.6]","[0.2, 0.4, 0.4]",7.172226905822754,"{""company"": -24.86478500366207, ""flex"": -34.87410955429073, ""textsql"": -1.9902954518084381}",flex,
linear,triple,flex+docker+gsm8k,97.8699963569642,88.40864114761348,0,"[0.2, 0.2, 0.6]","[0.2, 0.2, 0.6]",0.0,"{""docker"": -85.18135957717891, ""flex"": -88.40864114761348, ""gsm8k"": -16.12654142379757}",flex,
linear,triple,flex+docker+textsql,73.19959812164308,90.04271440505977,0,"[0.2, 0.2, 0.6]","[0.2, 0.2, 0.6]",0.0,"{""docker"": -27.16859989166256, ""flex"": -90.04271440505977, ""textsql"": -2.9803400104371565}",flex,
linear,triple,flex+gsm8k+textsql,28.60404663085933,47.44577817916866,0,"[0.2, 0.2, 0.6]","[0.2, 0.2, 0.6]",0.0,"{""flex"": -47.44577817916866, ""gsm8k"": 2.534659576416054, ""textsql"": 0.12346152302195817}",flex,
linear,triple,energy+physics+empathy,30.782131481170634,29.980556297302208,0,"[0.2, 0.2, 0.6]","[0.2, 0.2, 0.6]",0.0,"{""empathy"": -0.49989591544660694, ""energy"": -21.425668525695762, ""physics"": -29.980556297302208}",physics,
linear,triple,energy+physics+brainstorming,36.792020130157454,40.870396423339805,0,"[0.2, 0.2, 0.6]","[0.2, 0.2, 0.6]",0.0,"{""brainstorming"": -40.870396423339805, ""energy"": -22.137276458740196, ""physics"": -36.09135560989376}",brainstorming,
linear,triple,energy+physics+creative,34.403757381439206,35.82108430862423,0,"[0.2, 0.2, 0.6]","[0.2, 0.2, 0.6]",0.0,"{""creative"": -28.127328681945762, ""energy"": -26.35298185348507, ""physics"": -35.82108430862423}",physics,
linear,triple,energy+physics+company,56.20348863601686,51.95075683593746,0,"[0.4, 0.2, 0.4]","[0.2, 0.4, 0.4]",1.428830623626709,"{""company"": -38.613359260559044, ""energy"": -25.882629680633507, ""physics"": -51.95075683593746}",physics,
linear,triple,energy+physics+docker,67.31197052001944,67.3938076972961,0,"[0.6, 0.2, 0.2]","[0.4, 0.2, 0.4]",3.1993865966796875,"{""docker"": -67.3938076972961, ""energy"": -62.37060241699215, ""physics"": -62.77287416458126}",docker,
linear,triple,energy+physics+gsm8k,72.59532623291018,73.15432243347163,0,"[0.6, 0.2, 0.2]","[0.6, 0.2, 0.2]",0.0,"{""energy"": -60.69330387115475, ""gsm8k"": -5.2606742858886335, ""physics"": -73.15432243347163}",physics,
linear,triple,energy+physics+textsql,38.19420747756955,45.83760910034176,0,"[0.2, 0.2, 0.6]","[0.2, 0.2, 0.6]",0.0,"{""energy"": -33.05904083251949, ""physics"": -45.83760910034176, ""textsql"": -4.6714122275300065}",physics,
linear,triple,energy+empathy+brainstorming,14.74785022735592,23.85136299133297,0,"[0.2, 0.4, 0.4]","[0.2, 0.4, 0.4]",0.0,"{""brainstorming"": -23.85136299133297, ""empathy"": -0.05853646403342951, ""energy"": -12.341646480560264}",brainstorming,
linear,triple,energy+empathy+creative,10.762695598602285,12.65916042327877,0,"[0.2, 0.4, 0.4]","[0.2, 0.4, 0.4]",0.0,"{""creative"": -10.624400901794395, ""empathy"": 0.4063832148351102, ""energy"": -12.65916042327877}",energy,
linear,triple,energy+empathy+company,18.368582057952906,15.387133884429893,0,"[0.2, 0.6, 0.2]","[0.4, 0.4, 0.2]",2.7497053146362305,"{""company"": -13.693372535705528, ""empathy"": 0.20807994612093705, ""energy"": -15.387133884429893}",energy,
linear,triple,energy+empathy+docker,23.236147689819326,12.532679367065391,0,"[0.2, 0.4, 0.4]","[0.2, 0.6, 0.2]",11.108994483947754,"{""docker"": -12.532679367065391, ""empathy"": 0.14188331815433597, ""energy"": -9.08790044784542}",docker,
linear,triple,energy+empathy+gsm8k,18.108312416076615,18.985323238372764,0,"[0.2, 0.6, 0.2]","[0.2, 0.6, 0.2]",0.0,"{""empathy"": 0.15137758967726136, ""energy"": -18.985323238372764, ""gsm8k"": 17.658086490631142}",energy,
linear,triple,energy+empathy+textsql,17.28139333724973,15.571800994873009,0,"[0.2, 0.4, 0.4]","[0.4, 0.4, 0.2]",3.141140937805176,"{""empathy"": 0.13044664518647206, ""energy"": -15.571800994873009, ""textsql"": -2.5491128417165108}",energy,
linear,triple,energy+brainstorming+creative,28.335336971282914,36.045686531066856,0,"[0.2, 0.4, 0.4]","[0.2, 0.6, 0.2]",4.656124114990234,"{""brainstorming"": -36.045686531066856, ""creative"": -25.400678443908653, ""energy"": -21.284846591949425}",brainstorming,
linear,triple,energy+brainstorming+company,22.332553195953395,27.429167556762657,0,"[0.2, 0.6, 0.2]","[0.2, 0.6, 0.2]",0.0,"{""brainstorming"": -27.429167556762657, ""company"": -11.3711517333984, ""energy"": -12.497619915008507}",brainstorming,
linear,triple,energy+brainstorming+docker,39.92828540802006,37.15535812377926,0,"[0.2, 0.4, 0.4]","[0.2, 0.6, 0.2]",6.536674499511719,"{""brainstorming"": -37.15535812377926, ""docker"": -33.89892988204952, ""energy"": -28.33087854385372}",brainstorming,
linear,triple,energy+brainstorming+gsm8k,33.41206722259521,40.15733413696285,0,"[0.2, 0.6, 0.2]","[0.2, 0.6, 0.2]",0.0,"{""brainstorming"": -40.15733413696285, ""energy"": -25.38174800872799, ""gsm8k"": 7.35201425552372}",brainstorming,
linear,triple,energy+brainstorming+textsql,17.559758949279747,23.30042533874508,0,"[0.2, 0.4, 0.4]","[0.2, 0.4, 0.4]",0.0,"{""brainstorming"": -23.30042533874508, ""energy"": -17.47183017730709, ""textsql"": -0.590536309260969}",brainstorming,
linear,triple,energy+creative+company,26.4168422698975,24.945406246185264,0,"[0.2, 0.6, 0.2]","[0.2, 0.6, 0.2]",0.0,"{""company"": -15.8757846832275, ""creative"": -24.945406246185264, ""energy"": -19.027296829223594}",creative,
linear,triple,energy+creative+docker,44.85954456329344,36.545817184448204,0,"[0.4, 0.2, 0.4]","[0.2, 0.6, 0.2]",22.95454740524292,"{""creative"": -36.545817184448204, ""docker"": -35.75203828811642, ""energy"": -34.01310853958126}",creative,
linear,triple,energy+creative+gsm8k,29.51335124969482,27.53926925659176,0,"[0.4, 0.4, 0.2]","[0.4, 0.4, 0.2]",0.0,"{""creative"": -26.618174839019737, ""energy"": -27.53926925659176, ""gsm8k"": 8.384032917022743}",energy,
linear,triple,energy+creative+textsql,10.531656074523907,15.713958072662315,0,"[0.2, 0.4, 0.4]","[0.2, 0.6, 0.2]",3.023040294647217,"{""creative"": -15.713958072662315, ""energy"": -14.6137636184692, ""textsql"": -4.053251575609169}",creative,
linear,triple,energy+company+docker,48.64007644653324,47.423390674591026,0,"[0.4, 0.4, 0.2]","[0.4, 0.4, 0.2]",0.0,"{""company"": -47.423390674591026, ""docker"": -44.05217580795284, ""energy"": -41.42692499160763}",company,
linear,triple,energy+company+gsm8k,43.41499023437499,37.46215515136715,0,"[0.2, 0.2, 0.6]","[0.2, 0.2, 0.6]",0.0,"{""company"": -36.09998636245724, ""energy"": -37.46215515136715, ""gsm8k"": 25.737794113159218}",energy,
linear,triple,energy+company+textsql,25.122253227233852,23.85693006515499,0,"[0.2, 0.2, 0.6]","[0.2, 0.4, 0.4]",1.790773868560791,"{""company"": -23.85693006515499, ""energy"": -23.035876083373985, ""textsql"": -3.71190036530047}",company,
linear,triple,energy+docker+gsm8k,47.11963348388676,56.12602643966671,0,"[0.4, 0.4, 0.2]","[0.2, 0.6, 0.2]",7.530415058135986,"{""docker"": -56.12602643966671, ""energy"": -52.724735069274864, ""gsm8k"": -43.944410610198936}",docker,
linear,triple,energy+docker+textsql,33.79393033981322,43.90651397705074,0,"[0.2, 0.2, 0.6]","[0.4, 0.2, 0.4]",2.3893356323242188,"{""docker"": -32.552222537994346, ""energy"": -43.90651397705074, ""textsql"": -3.470962626951949}",energy,
linear,triple,energy+gsm8k+textsql,20.337681102752633,21.10780887603756,0,"[0.2, 0.2, 0.6]","[0.2, 0.2, 0.6]",0.0,"{""energy"": -21.10780887603756, ""gsm8k"": 12.225611877441445, ""textsql"": 2.134432579984746}",energy,
linear,triple,physics+empathy+brainstorming,19.893447685241668,29.74154167175289,0,"[0.2, 0.4, 0.4]","[0.2, 0.4, 0.4]",0.0,"{""brainstorming"": -29.74154167175289, ""empathy"": -0.10634188714479233, ""physics"": -19.036309051513634}",brainstorming,
linear,triple,physics+empathy+creative,20.321492481231655,19.612817096710167,0,"[0.2, 0.4, 0.4]","[0.2, 0.4, 0.4]",0.0,"{""creative"": -15.805510807037315, ""empathy"": -0.2559775912079165, ""physics"": -19.612817096710167}",physics,
linear,triple,physics+empathy+company,31.108311939239467,26.87737159729,0,"[0.4, 0.4, 0.2]","[0.4, 0.4, 0.2]",0.0,"{""company"": -17.268542575836143, ""empathy"": -0.6605630515142007, ""physics"": -26.87737159729}",physics,
linear,triple,physics+empathy+docker,41.304330158233604,31.54087476730343,0,"[0.2, 0.6, 0.2]","[0.2, 0.6, 0.2]",0.0,"{""docker"": -24.522570896148643, ""empathy"": -0.5926811721757498, ""physics"": -31.54087476730343}",physics,
linear,triple,physics+empathy+gsm8k,32.38133602142331,31.430105495452842,0,"[0.2, 0.6, 0.2]","[0.2, 0.6, 0.2]",0.0,"{""empathy"": -0.2498343065749294, ""gsm8k"": 15.32853431701664, ""physics"": -31.430105495452842}",physics,
linear,triple,physics+empathy+textsql,18.98062639236446,23.73450212478634,0,"[0.2, 0.4, 0.4]","[0.2, 0.4, 0.4]",0.0,"{""empathy"": -0.07663875772024215, ""physics"": -23.73450212478634, ""textsql"": -3.614758540403838}",physics,
linear,triple,physics+brainstorming+creative,27.04911642074583,41.265479850769005,0,"[0.2, 0.2, 0.6]","[0.2, 0.6, 0.2]",4.990267753601074,"{""brainstorming"": -41.265479850769005, ""creative"": -24.533442783355675, ""physics"": -30.28630428314205}",brainstorming,
linear,triple,physics+brainstorming+company,19.448379802703876,20.899240303039512,0,"[0.2, 0.6, 0.2]","[0.2, 0.6, 0.2]",0.0,"{""brainstorming"": -20.899240303039512, ""company"": -5.756251144409141, ""physics"": -17.67787151336666}",brainstorming,
linear,triple,physics+brainstorming+docker,50.48219375610346,43.79281215667721,0,"[0.2, 0.6, 0.2]","[0.2, 0.6, 0.2]",0.0,"{""brainstorming"": -43.79281215667721, ""docker"": -34.719602394103966, ""physics"": -38.42398338317867}",brainstorming,
linear,triple,physics+brainstorming+gsm8k,26.302723217010474,33.1391017913818,0,"[0.2, 0.6, 0.2]","[0.2, 0.6, 0.2]",0.0,"{""brainstorming"": -33.1391017913818, ""gsm8k"": 16.263611984252968, ""physics"": -28.929249572753868}",brainstorming,
linear,triple,physics+brainstorming+textsql,15.718368816375694,22.36196212768551,0,"[0.2, 0.6, 0.2]","[0.2, 0.6, 0.2]",0.0,"{""brainstorming"": -22.36196212768551, ""physics"": -20.058695602416954, ""textsql"": -6.871392156075629}",brainstorming,
linear,triple,physics+creative+company,29.689864444732656,29.518000411987266,0,"[0.2, 0.6, 0.2]","[0.2, 0.6, 0.2]",0.0,"{""company"": -19.217113780975303, ""creative"": -18.11587028503414, ""physics"": -29.518000411987266}",physics,
linear,triple,physics+creative+docker,55.594054985046355,48.03300313949581,0,"[0.2, 0.4, 0.4]","[0.2, 0.6, 0.2]",10.63777208328247,"{""creative"": -42.71609001159664, ""docker"": -43.83005313873287, ""physics"": -48.03300313949581}",physics,
linear,triple,physics+creative+gsm8k,31.478111076355002,39.24135379791256,0,"[0.2, 0.6, 0.2]","[0.2, 0.6, 0.2]",0.0,"{""creative"": -27.779368686675987, ""gsm8k"": 5.060907077789345, ""physics"": -39.24135379791256}",physics,
linear,triple,physics+creative+textsql,17.10484437942501,21.518234539031944,0,"[0.2, 0.4, 0.4]","[0.2, 0.4, 0.4]",0.0,"{""creative"": -16.939775276184044, ""physics"": -21.518234539031944, ""textsql"": -3.850409457669303}",physics,
linear,triple,physics+company+docker,61.59532480239863,51.36806182861324,0,"[0.4, 0.4, 0.2]","[0.4, 0.4, 0.2]",0.0,"{""company"": -45.36755495071407, ""docker"": -45.73256187438961, ""physics"": -51.36806182861324}",physics,
linear,triple,physics+company+gsm8k,57.66768865585328,58.391968536376915,0,"[0.2, 0.4, 0.4]","[0.2, 0.4, 0.4]",0.0,"{""company"": -45.372227954864464, ""gsm8k"": 8.217247200012245, ""physics"": -58.391968536376915}",physics,
linear,triple,physics+company+textsql,22.046462821960404,28.21145467758175,0,"[0.2, 0.2, 0.6]","[0.2, 0.2, 0.6]",0.0,"{""company"": -12.009684371948204, ""physics"": -28.21145467758175, ""textsql"": 0.2012022801172173}",physics,
linear,triple,physics+docker+gsm8k,88.26884441375732,87.17061691284175,0,"[0.2, 0.6, 0.2]","[0.2, 0.6, 0.2]",0.0,"{""docker"": -80.97112588882442, ""gsm8k"": -59.518067169189415, ""physics"": -87.17061691284175}",physics,
linear,triple,physics+docker+textsql,44.717828559875464,51.68409757614132,0,"[0.2, 0.2, 0.6]","[0.2, 0.2, 0.6]",0.0,"{""docker"": -23.889927196502647, ""physics"": -51.68409757614132, ""textsql"": -5.522911565172012}",physics,
linear,triple,physics+gsm8k+textsql,36.632267761230395,45.218936729431114,0,"[0.2, 0.2, 0.6]","[0.2, 0.2, 0.6]",0.0,"{""gsm8k"": 14.886244010925331, ""physics"": -45.218936729431114, ""textsql"": -5.535396009794869}",physics,
linear,triple,empathy+brainstorming+creative,6.970993804931599,22.643343734741173,0,"[0.4, 0.4, 0.2]","[0.4, 0.4, 0.2]",0.0,"{""brainstorming"": -22.643343734741173, ""creative"": -16.89556055068966, ""empathy"": 0.37901777856011265}",brainstorming,
linear,triple,empathy+brainstorming+company,9.207693862915058,18.977085876464805,0,"[0.4, 0.4, 0.2]","[0.2, 0.6, 0.2]",2.1739959716796875,"{""brainstorming"": -18.977085876464805, ""company"": -5.3946536064147566, ""empathy"": 0.3508219618407659}",brainstorming,
linear,triple,empathy+brainstorming+docker,26.951853561401393,20.24721317291256,0,"[0.4, 0.2, 0.4]","[0.6, 0.2, 0.2]",6.51090145111084,"{""brainstorming"": -20.24721317291256, ""docker"": -18.216888236999473, ""empathy"": -0.23684937587534344}",brainstorming,
linear,triple,empathy+brainstorming+gsm8k,3.4088771820068597,20.403711128234825,0,"[0.4, 0.4, 0.2]","[0.4, 0.4, 0.2]",0.0,"{""brainstorming"": -20.403711128234825, ""empathy"": -0.09175359512639385, ""gsm8k"": 13.802393150329628}",brainstorming,
linear,triple,empathy+brainstorming+textsql,7.241813468933071,16.526428985595665,0,"[0.2, 0.6, 0.2]","[0.4, 0.2, 0.4]",0.7553577423095703,"{""brainstorming"": -16.526428985595665, ""empathy"": -0.06674345453571401, ""textsql"": -1.0544237485448196}",brainstorming,
linear,triple,empathy+creative+company,4.8786561965942425,17.05824546813961,0,"[0.4, 0.4, 0.2]","[0.4, 0.4, 0.2]",0.0,"{""company"": -3.8117211341857526, ""creative"": -17.05824546813961, ""empathy"": 0.48425453265270196}",creative,
linear,triple,empathy+creative+docker,26.260177421569804,19.3431656837463,0,"[0.6, 0.2, 0.2]","[0.6, 0.2, 0.2]",0.0,"{""creative"": -19.3431656837463, ""docker"": -11.516944694519005, ""empathy"": 0.09100854870927501}",creative,
linear,triple,empathy+creative+gsm8k,2.7625005722045817,23.799912261962852,0,"[0.4, 0.4, 0.2]","[0.4, 0.4, 0.2]",0.0,"{""creative"": -23.799912261962852, ""empathy"": -0.05854717861980821, ""gsm8k"": 8.69319028854374}",creative,
linear,triple,empathy+creative+textsql,0.5501248611320093,14.969090747833214,0,"[0.2, 0.6, 0.2]","[0.4, 0.4, 0.2]",0.980675220489502,"{""creative"": -14.969090747833214, ""empathy"": 0.42003780718336486, ""textsql"": -3.534593151619766}",creative,
linear,triple,empathy+company+docker,32.6170127868652,18.470732498168907,0,"[0.4, 0.2, 0.4]","[0.6, 0.2, 0.2]",19.218862056732178,"{""company"": -17.199997234344444, ""docker"": -18.470732498168907, ""empathy"": 0.30500715581304577}",docker,
linear,triple,empathy+company+gsm8k,11.941496658325278,13.520697879791221,0,"[0.6, 0.2, 0.2]","[0.4, 0.2, 0.4]",2.830970287322998,"{""company"": -13.520697879791221, ""empathy"": 0.23728140330468456, ""gsm8k"": 23.609252643585243}",company,
linear,triple,empathy+company+textsql,3.655127811431864,12.539092826843223,0,"[0.4, 0.2, 0.4]","[0.4, 0.2, 0.4]",0.0,"{""company"": -12.539092826843223, ""empathy"": 0.0955159456005143, ""textsql"": 0.1812753402111517}",company,
linear,triple,empathy+docker+gsm8k,25.961915779113795,20.740858840942344,0,"[0.4, 0.4, 0.2]","[0.6, 0.2, 0.2]",5.742120742797852,"{""docker"": -20.740858840942344, ""empathy"": -0.20595731002655687, ""gsm8k"": 0.026746463775673135}",docker,
linear,triple,empathy+docker+textsql,19.258527088165263,10.350994396209678,0,"[0.4, 0.2, 0.4]","[0.6, 0.2, 0.2]",1.3600707054138184,"{""docker"": -10.350994396209678, ""empathy"": -0.3676932260854259, ""textsql"": -2.5385231423868975}",docker,
linear,triple,empathy+gsm8k+textsql,0.34011003787454247,-0.0355069912676121,1,"[0.4, 0.2, 0.4]","[0.4, 0.2, 0.4]",0.0,"{""empathy"": 0.0355069912676121, ""gsm8k"": 11.593456935882607, ""textsql"": 0.6944663000281001}",empathy,
linear,triple,brainstorming+creative+company,13.61643486022949,23.561016845703087,0,"[0.4, 0.2, 0.4]","[0.4, 0.2, 0.4]",0.0,"{""brainstorming"": -23.561016845703087, ""company"": -8.011249828338585, ""creative"": -19.919161128997764}",brainstorming,
linear,triple,brainstorming+creative+docker,48.478178310394256,36.42017059326168,0,"[0.4, 0.2, 0.4]","[0.6, 0.2, 0.2]",15.5448317527771,"{""brainstorming"": -36.42017059326168, ""creative"": -33.800784873962364, ""docker"": -32.891647148132286}",brainstorming,
linear,triple,brainstorming+creative+gsm8k,20.029250907897925,44.016687202453575,0,"[0.6, 0.2, 0.2]","[0.6, 0.2, 0.2]",0.0,"{""brainstorming"": -44.016687202453575, ""creative"": -34.698967266082725, ""gsm8k"": 4.018064212799111}",brainstorming,
linear,triple,brainstorming+creative+textsql,7.817260551452602,21.874336528778038,0,"[0.2, 0.4, 0.4]","[0.2, 0.4, 0.4]",0.0,"{""brainstorming"": -18.311731147766075, ""creative"": -21.874336528778038, ""textsql"": -1.2831660712135202}",creative,
linear,triple,brainstorming+company+docker,32.74320774078366,22.199646759033165,0,"[0.4, 0.4, 0.2]","[0.6, 0.2, 0.2]",1.1941909790039062,"{""brainstorming"": -22.199646759033165, ""company"": -12.883965301513634, ""docker"": -21.811107921600303}",brainstorming,
linear,triple,brainstorming+company+gsm8k,11.79151945114139,22.35016040801998,0,"[0.6, 0.2, 0.2]","[0.6, 0.2, 0.2]",0.0,"{""brainstorming"": -22.35016040801998, ""company"": -7.9115908622741316, ""gsm8k"": 25.304957103729286}",brainstorming,
linear,triple,brainstorming+company+textsql,0.6053727149963066,8.865062522888145,0,"[0.4, 0.2, 0.4]","[0.4, 0.2, 0.4]",0.0,"{""brainstorming"": -8.865062522888145, ""company"": 0.2546150207519915, ""textsql"": 2.4036068403516517}",brainstorming,
linear,triple,brainstorming+docker+gsm8k,43.990687656402706,36.9218748092651,0,"[0.4, 0.4, 0.2]","[0.6, 0.2, 0.2]",6.8061113357543945,"{""brainstorming"": -36.9218748092651, ""docker"": -36.43118553161617, ""gsm8k"": -5.4013650894164655}",brainstorming,
linear,triple,brainstorming+docker+textsql,33.62164907455441,28.926150131225548,0,"[0.4, 0.2, 0.4]","[0.4, 0.2, 0.4]",0.0,"{""brainstorming"": -28.926150131225548, ""docker"": -20.06854228973385, ""textsql"": -3.2168861145678616}",brainstorming,
linear,triple,brainstorming+gsm8k+textsql,4.6216409683227235,13.053838539123497,0,"[0.4, 0.2, 0.4]","[0.4, 0.2, 0.4]",0.0,"{""brainstorming"": -13.053838539123497, ""gsm8k"": 16.42106361389164, ""textsql"": 0.9346453374011481}",brainstorming,
linear,triple,creative+company+docker,32.848648357391326,34.11541395187374,0,"[0.4, 0.4, 0.2]","[0.6, 0.2, 0.2]",1.1493325233459473,"{""company"": -21.945897865295372, ""creative"": -34.11541395187374, ""docker"": -26.39507465362545}",creative,
linear,triple,creative+company+gsm8k,19.525484371185243,27.159015464782676,0,"[0.4, 0.4, 0.2]","[0.4, 0.4, 0.2]",0.0,"{""company"": -13.942639160156212, ""creative"": -27.159015464782676, ""gsm8k"": 22.080393505096474}",creative,
linear,triple,creative+company+textsql,5.572096633911096,14.940170574188194,0,"[0.4, 0.2, 0.4]","[0.4, 0.4, 0.2]",0.7646918296813965,"{""company"": -2.502850818633995, ""creative"": -14.940170574188194, ""textsql"": -0.7309843041226767}",creative,
linear,triple,creative+docker+gsm8k,53.46547775268554,49.98157434463497,0,"[0.2, 0.6, 0.2]","[0.6, 0.2, 0.2]",32.96935558319091,"{""creative"": -49.98157434463497, ""docker"": -49.330477046966514, ""gsm8k"": -9.39366035461422}",creative,
linear,triple,creative+docker+textsql,29.00324277877806,35.94587259292599,0,"[0.4, 0.2, 0.4]","[0.6, 0.2, 0.2]",10.864102840423584,"{""creative"": -35.94587259292599, ""docker"": -25.446371364593467, ""textsql"": -7.055949179077516}",creative,
linear,triple,creative+gsm8k+textsql,4.177300262451144,19.945589828491173,0,"[0.4, 0.2, 0.4]","[0.4, 0.2, 0.4]",0.0,"{""creative"": -19.945589828491173, ""gsm8k"": 13.410063457489052, ""textsql"": -0.5220123640158966}",creative,
linear,triple,company+docker+gsm8k,49.426953124999955,51.38491802215572,0,"[0.4, 0.4, 0.2]","[0.4, 0.2, 0.4]",5.276584625244141,"{""company"": -43.55553798675533, ""docker"": -51.38491802215572, ""gsm8k"": 6.495781612396279}",docker,
linear,triple,company+docker+textsql,23.835508155822733,29.664174842834434,0,"[0.4, 0.2, 0.4]","[0.4, 0.2, 0.4]",0.0,"{""company"": -29.664174842834434, ""docker"": -14.680795001983604, ""textsql"": -2.793735699088756}",company,
linear,triple,company+gsm8k+textsql,1.6520064353942363,5.116967487335167,0,"[0.4, 0.2, 0.4]","[0.2, 0.2, 0.6]",0.6153106689453125,"{""company"": -5.116967487335167, ""gsm8k"": 17.81346387863163, ""textsql"": 4.69489582915178}",company,
linear,triple,docker+gsm8k+textsql,25.63029937744137,21.324221420288048,0,"[0.4, 0.2, 0.4]","[0.2, 0.2, 0.6]",9.911620616912842,"{""docker"": -21.324221420288048, ""gsm8k"": -8.054284381866417, ""textsql"": -1.6260186263096623}",docker,
