adapters,predicted_score,heldout_score,feasible,slice_id,method
chauhoang_4909ad74_a335_4972_9+mrhungddddh_911f6275_22fd_4f41+datlaaaaaaa_0dbe42c8_b07b_4785,40.43995447158831,22.756770324707,0,qwen25_real_m50_balanced_random_seed20260505,linear
tuanna08go_7647f014_8af3_4266+duyphu_4909ad74_a335_4972_9ed8+hongngo_7e251dfc_e0f7_4f73_aae,34.11676604139264,13.404670429229704,0,qwen25_real_m50_balanced_random_seed20260504,linear
adammandic87_3d7a58a6_4380_4e3+chauhoang_4909ad74_a335_4972_9+nbninh_a1f78795_1b61_4923_9235,32.82929706343883,18.16612787246701,0,qwen25_real_m50_circulant_balanced_seed20260503,linear
nhoxinh_2f944a50_cbd3_4334_af8+datlaaaaaaa_0dbe42c8_b07b_4785+nhung03_7b6cdc3c_7130_4c2c_a2c,30.236509513855765,25.930050086975065,0,qwen25_real_m50_balanced_random_seed20260503,linear
cunghoctienganh_b7496e73_1762+datlaaaaaaa_0dbe42c8_b07b_4785+nhung03_7b6cdc3c_7130_4c2c_a2c,30.14560418633521,32.37687654495236,0,qwen25_real_m50_balanced_random_seed20260504,linear
duyphu_0112d9da_9934_4614_b233+nbninh_a1f78795_1b61_4923_9235+hongngo_7e251dfc_e0f7_4f73_aae,28.40044803621397,17.9702074050903,0,qwen25_real_m50_balanced_random_seed20260503,linear
cunghoctienganh_b7496e73_1762+hongngo_9d92894f_7b7b_49e0_8f3+nhung02_db2c9545_4607_487b_9cc,27.93997235298153,22.00221128463742,0,qwen25_real_m50_balanced_random_seed20260503,linear
tuanna08go_c1cf0152_7ae6_43b6+laquythang_8444c3be_8779_4769+datlaaaaaaa_e8cccbe1_c136_409a,27.3820534746684,6.317403984069792,0,qwen25_real_m50_circulant_balanced_seed20260503,linear
cunghoctienganh_b7496e73_1762+mrhunghd_9e58333c_df22_4a00_9c+datlaaaaaaa_e8cccbe1_c136_409a,27.329454067185328,11.406830024719206,0,qwen25_real_m50_balanced_random_seed20260505,linear
duyphu_7aba420b_74ac_4209_b514+laquythang_8444c3be_8779_4769+datlaaaaaaa_e8cccbe1_c136_409a,26.204926470056925,3.1428515516126883,0,qwen25_real_m50_balanced_random_seed20260503,linear
cunghoctienganh_4909ad74_a335+duyphu_4909ad74_a335_4972_9ed8+duyphu_0112d9da_9934_4614_b233,25.484159017489983,23.86963672637936,0,qwen25_real_m50_balanced_random_seed20260504,linear
versil91_8444c3be_8779_4769_a0+hongngo_7e251dfc_e0f7_4f73_aae+datlaaaaaaa_e8cccbe1_c136_409a,25.20546653145251,8.263018798828092,0,qwen25_real_m50_circulant_balanced_seed20260503,linear
versil91_01a5620a_fb5f_4bab_94+duyphu_0112d9da_9934_4614_b233+nhoxinh_0c66c9c5_5cc2_46a8_9db,24.94411005720245,12.27577037811276,0,qwen25_real_m50_balanced_random_seed20260503,linear
cunghoctienganh_b7496e73_1762+nhung02_db2c9545_4607_487b_9cc+mrhungddddh_911f6275_22fd_4f41,24.90659619315338,25.79814500808713,0,qwen25_real_m50_balanced_random_seed20260503,linear
nhoxinh_2f944a50_cbd3_4334_af8+nhoxinh_0c66c9c5_5cc2_46a8_9db+nhung03_7b6cdc3c_7130_4c2c_a2c,24.6855598084578,16.78382463455197,0,qwen25_real_m50_balanced_random_seed20260505,linear
cunghoctienganh_4909ad74_a335+phungkhaccuong_a992b7f5_9d18_c+datlaaaaaaa_0dbe42c8_b07b_4785,24.66394743417874,2.196720314025846,0,qwen25_real_m50_balanced_random_seed20260503,linear
duyphu_4909ad74_a335_4972_9ed8+hongngo_7e251dfc_e0f7_4f73_aae+datlaaaaaaa_e8cccbe1_c136_409a,24.299657823010243,17.24497385025021,0,qwen25_real_m50_balanced_random_seed20260503,linear
duyphu_7aba420b_74ac_4209_b514+thaffggg_8a78a9b2_d3fa_4615_b8+duyphu_0112d9da_9934_4614_b233,23.04079679821329,4.971403925876945,0,qwen25_real_m50_balanced_random_seed20260505,linear
adammandic87_3d7a58a6_4380_4e3+nbninh_0d8b128b_8753_46c3_b80f+datlaaaaaaa_e8cccbe1_c136_409a,22.16936776760344,6.012502384185758,0,qwen25_real_m50_balanced_random_seed20260505,linear
chauhoang_4909ad74_a335_4972_9+nhoxinh_0c66c9c5_5cc2_46a8_9db+nhung02_db2c9545_4607_487b_9cc,22.15786531126829,16.59534282684323,0,qwen25_real_m50_balanced_random_seed20260504,linear
nbninh_a1f78795_1b61_4923_9235+mrhunghd_9e58333c_df22_4a00_9c+nhung03_7b6cdc3c_7130_4c2c_a2c,22.057983985638405,7.784488868713346,0,qwen25_real_m50_circulant_balanced_seed20260503,linear
chauhoang_4909ad74_a335_4972_9+nbninh_a1f78795_1b61_4923_9235+mrhungddddh_9b1deaac_4565_48f2,21.605382479183987,18.50198812484738,0,qwen25_real_m50_balanced_random_seed20260505,linear
cunghoctienganh_b7496e73_1762+nhung02_db2c9545_4607_487b_9cc+adammandic87_f28f18cf_4abb_4db,21.48517079353411,16.88317365646359,0,qwen25_real_m50_balanced_random_seed20260503,linear
tuanna08go_c1cf0152_7ae6_43b6+nbninh_a1f78795_1b61_4923_9235+mrhungddddh_9b1deaac_4565_48f2,21.47053286294788,9.33676071166989,0,qwen25_real_m50_balanced_random_seed20260504,linear
thaffggg_8a78a9b2_d3fa_4615_b8+cunghoctienganh_c1cf0152_7ae6+nhoxinh_0c66c9c5_5cc2_46a8_9db,20.998655702869303,7.432451915740934,0,qwen25_real_m50_balanced_random_seed20260503,linear
datlaaaaaaa_cc1f8701_0976_4f48+datlaaaaaaa_0dbe42c8_b07b_4785+datlaaaaaaa_e8cccbe1_c136_409a,20.745588476134124,19.512012672424284,0,qwen25_real_m50_balanced_random_seed20260504,linear
thaffggg_8a78a9b2_d3fa_4615_b8+tuanna08go_c1cf0152_7ae6_43b6+datlaaaaaaa_0dbe42c8_b07b_4785,20.706428942229092,12.726286125183073,0,qwen25_real_m50_balanced_random_seed20260504,linear
chauhoang_4909ad74_a335_4972_9+nhoxinh_2f944a50_cbd3_4334_af8+nhung02_db2c9545_4607_487b_9cc,20.01097529064807,19.328609180450407,0,qwen25_real_m50_balanced_random_seed20260503,linear
duyphu_0112d9da_9934_4614_b233+nbninh_c4ae10ba_efe4_401e_8dd7+hongngo_7e251dfc_e0f7_4f73_aae,19.849730431221676,12.1519119262695,0,qwen25_real_m50_balanced_random_seed20260504,linear
chauhoang_4909ad74_a335_4972_9+phungkhaccuong_2b1522e6_bef2_7+datlaaaaaaa_e8cccbe1_c136_409a,19.419531918621647,12.448504638671842,0,qwen25_real_m50_circulant_balanced_seed20260503,linear
duyphu_7aba420b_74ac_4209_b514+datlaaaaaaa_cc1f8701_0976_4f48+phungkhaccuong_a992b7f5_9d18_c,19.325484788814595,0.5995065689086587,0,qwen25_real_m50_balanced_random_seed20260504,linear
thaffggg_8a78a9b2_d3fa_4615_b8+tuanna08go_7647f014_8af3_4266+chauhoang_4909ad74_a335_4972_9,19.31186458674528,17.30799980163571,0,qwen25_real_m50_balanced_random_seed20260503,linear
cunghoctienganh_c1cf0152_7ae6+chauhoang_4909ad74_a335_4972_9+duyphu_4909ad74_a335_4972_9ed8,19.270890586527493,6.20812482833859,0,qwen25_real_m50_circulant_balanced_seed20260503,linear
laquythang_efe15045_778f_4dfa+phungkhaccuong_a992b7f5_9d18_c+datlaaaaaaa_0dbe42c8_b07b_4785,19.027006583771044,1.5900880813598306,0,qwen25_real_m50_circulant_balanced_seed20260503,linear
versil91_01a5620a_fb5f_4bab_94+duyphu_4909ad74_a335_4972_9ed8+phungkhaccuong_a992b7f5_9d18_c,18.99695115011266,5.4728300094604165,0,qwen25_real_m50_circulant_balanced_seed20260503,linear
tuanna08go_7647f014_8af3_4266+nhung02_db2c9545_4607_487b_9cc+nhung03_7b6cdc3c_7130_4c2c_a2c,18.84622008111533,7.304492664337125,0,qwen25_real_m50_balanced_random_seed20260505,linear
adammandic87_3d7a58a6_4380_4e3+nhoxinh_2f944a50_cbd3_4334_af8+nhung03_7b6cdc3c_7130_4c2c_a2c,18.80442185965295,10.780206394195524,0,qwen25_real_m50_balanced_random_seed20260505,linear
tuanna08go_c1cf0152_7ae6_43b6+phungkhaccuong_2b1522e6_bef2_7+nbninh_a1f78795_1b61_4923_9235,17.849472673980884,8.846286010742155,0,qwen25_real_m50_balanced_random_seed20260505,linear
chauhoang_2aa4f343_5524_f86e_b+nhoxinh_2f944a50_cbd3_4334_af8+mrhungddddh_911f6275_22fd_4f41,17.628283244311287,10.480263900756803,0,qwen25_real_m50_balanced_random_seed20260504,linear
versil91_e9f26c47_9b78_4e3f_81+duyphu_4909ad74_a335_4972_9ed8+nhoxinh_2f944a50_cbd3_4334_af8,17.276581189501837,11.667254638671842,0,qwen25_real_m50_balanced_random_seed20260504,linear
nhoxinh_2f944a50_cbd3_4334_af8+hongngo_687b8c72_c89b_4cb7_b7c+hongngo_9d92894f_7b7b_49e0_8f3,17.110258643405857,4.825809669494596,0,qwen25_real_m50_balanced_random_seed20260503,linear
datlaaaaaaa_cc1f8701_0976_4f48+laquythang_efe15045_778f_4dfa+duyphu_0112d9da_9934_4614_b233,17.08790519221835,8.54722566604611,0,qwen25_real_m50_balanced_random_seed20260505,linear
cunghoctienganh_b7496e73_1762+nhoxinh_0c66c9c5_5cc2_46a8_9db+versil91_121ef6e9_0ded_4fc3_8c,16.990284265466823,12.175539207458463,0,qwen25_real_m50_balanced_random_seed20260505,linear
adammandic87_3d7a58a6_4380_4e3+nbninh_a1f78795_1b61_4923_9235+mrhungddddh_911f6275_22fd_4f41,16.89500619479065,12.168267440795866,0,qwen25_real_m50_balanced_random_seed20260503,linear
thaffggg_8a78a9b2_d3fa_4615_b8+laquythang_8444c3be_8779_4769+nhoxinh_0c66c9c5_5cc2_46a8_9db,16.503966161545648,14.512017440795866,0,qwen25_real_m50_balanced_random_seed20260504,linear
duyphu_0112d9da_9934_4614_b233+hongngo_7e251dfc_e0f7_4f73_aae+mrhunghd_9e58333c_df22_4a00_9c,16.50371260643002,7.83541507720944,0,qwen25_real_m50_balanced_random_seed20260504,linear
chauhoang_2aa4f343_5524_f86e_b+phungkhaccuong_a992b7f5_9d18_c+nhoxinh_9214fc0d_4490_4bdd_9ff,16.45839891905557,10.741987895965543,0,qwen25_real_m50_circulant_balanced_seed20260503,linear
versil91_e9f26c47_9b78_4e3f_81+hongngo_7e251dfc_e0f7_4f73_aae+datlaaaaaaa_e8cccbe1_c136_409a,16.40680533371346,6.510856819152799,0,qwen25_real_m50_circulant_balanced_seed20260503,linear
versil91_01a5620a_fb5f_4bab_94+thaffggg_8a78a9b2_d3fa_4615_b8+nhoxinh_0c66c9c5_5cc2_46a8_9db,16.395112943649263,7.207933139800993,0,qwen25_real_m50_balanced_random_seed20260504,linear
thaffggg_8a78a9b2_d3fa_4615_b8+datlaaaaaaa_0dbe42c8_b07b_4785+versil91_121ef6e9_0ded_4fc3_8c,16.27801365852352,16.472187709808317,0,qwen25_real_m50_circulant_balanced_seed20260503,linear
nhoxinh_0c66c9c5_5cc2_46a8_9db+hongngo_7e251dfc_e0f7_4f73_aae+hongngo_687b8c72_c89b_4cb7_b7c,16.133810504749324,5.857256126403776,0,qwen25_real_m50_balanced_random_seed20260503,linear
cunghoctienganh_4909ad74_a335+duyphu_4909ad74_a335_4972_9ed8+phungkhaccuong_2b1522e6_bef2_7,16.039803695678664,15.243640613555876,0,qwen25_real_m50_balanced_random_seed20260503,linear
laquythang_8444c3be_8779_4769+cunghoctienganh_b7496e73_1762+adammandic87_f28f18cf_4abb_4db,16.028574172578512,13.029006195068328,0,qwen25_real_m50_circulant_balanced_seed20260503,linear
duyphu_4909ad74_a335_4972_9ed8+hongngo_687b8c72_c89b_4cb7_b7c+versil91_63cd5c4a_5a68_4c25_bd,16.016957235336278,8.319059085845915,0,qwen25_real_m50_balanced_random_seed20260505,linear
laquythang_8444c3be_8779_4769+chauhoang_4909ad74_a335_4972_9+hongngo_7e251dfc_e0f7_4f73_aae,15.888695848422175,14.61499042510983,0,qwen25_real_m50_balanced_random_seed20260503,linear
datlaaaaaaa_cc1f8701_0976_4f48+nbninh_c4ae10ba_efe4_401e_8dd7+datlaaaaaaa_e8cccbe1_c136_409a,15.844511688976748,8.838406276702848,0,qwen25_real_m50_balanced_random_seed20260504,linear
adammandic87_3d7a58a6_4380_4e3+nhoxinh_2f944a50_cbd3_4334_af8+versil91_474890ea_012d_4a25_96,15.631907591321824,5.404868793487516,0,qwen25_real_m50_balanced_random_seed20260504,linear
versil91_8444c3be_8779_4769_a0+laquythang_efe15045_778f_4dfa+duyphu_4909ad74_a335_4972_9ed8,15.384589115511831,3.1290800094604165,0,qwen25_real_m50_circulant_balanced_seed20260503,linear
datlaaaaaaa_cc1f8701_0976_4f48+hongngo_7e251dfc_e0f7_4f73_aae+nhung03_7b6cdc3c_7130_4c2c_a2c,15.316117186601849,15.074697208404508,0,qwen25_real_m50_balanced_random_seed20260505,linear
tuanna08go_c1cf0152_7ae6_43b6+cunghoctienganh_c1cf0152_7ae6+nbninh_a1f78795_1b61_4923_9235,15.282031247463072,9.706452560424772,0,qwen25_real_m50_balanced_random_seed20260505,linear
tuanna08go_c1cf0152_7ae6_43b6+laquythang_8444c3be_8779_4769+cunghoctienganh_b7496e73_1762,15.194747798934102,10.127082538604704,0,qwen25_real_m50_balanced_random_seed20260505,linear
cunghoctienganh_b7496e73_1762+chauhoang_2aa4f343_5524_f86e_b+nhung03_7b6cdc3c_7130_4c2c_a2c,15.05614828025484,12.44427270889279,0,qwen25_real_m50_circulant_balanced_seed20260503,linear
nhoxinh_2f944a50_cbd3_4334_af8+datlaaaaaaa_0dbe42c8_b07b_4785+versil91_63cd5c4a_5a68_4c25_bd,14.666602087020852,11.141303253173795,0,qwen25_real_m50_circulant_balanced_seed20260503,linear
nhoxinh_0c66c9c5_5cc2_46a8_9db+nhung02_08157847_d833_4d45_90f+nhung03_7b6cdc3c_7130_4c2c_a2c,14.336071605622442,3.536120128631559,0,qwen25_real_m50_circulant_balanced_seed20260503,linear
versil91_01a5620a_fb5f_4bab_94+thaffggg_8a78a9b2_d3fa_4615_b8+chauhoang_4909ad74_a335_4972_9,14.228168459892526,7.604745101928678,0,qwen25_real_m50_balanced_random_seed20260505,linear
cunghoctienganh_b7496e73_1762+mrhungddddh_fe499423_02f3_4cfd+mrhungddddh_911f6275_22fd_4f41,13.679064001825784,0.2923048999721058,0,qwen25_real_m50_balanced_random_seed20260504,linear
duyphu_0112d9da_9934_4614_b233+hongngo_687b8c72_c89b_4cb7_b7c+versil91_474890ea_012d_4a25_96,13.604774509448308,9.074202251434292,0,qwen25_real_m50_balanced_random_seed20260503,linear
hongngo_9d92894f_7b7b_49e0_8f3+datlaaaaaaa_0dbe42c8_b07b_4785+versil91_474890ea_012d_4a25_96,13.589207174472046,7.867494297027555,0,qwen25_real_m50_balanced_random_seed20260505,linear
duyphu_4909ad74_a335_4972_9ed8+nhoxinh_2f944a50_cbd3_4334_af8+versil91_474890ea_012d_4a25_96,13.46563689300789,10.055163574218716,0,qwen25_real_m50_balanced_random_seed20260504,linear
tuanna08go_c1cf0152_7ae6_43b6+chauhoang_2aa4f343_5524_f86e_b+datlaaaaaaa_e8cccbe1_c136_409a,13.282840980521364,4.609897804260221,0,qwen25_real_m50_circulant_balanced_seed20260503,linear
laquythang_8444c3be_8779_4769+nbninh_c4ae10ba_efe4_401e_8dd7+versil91_63cd5c4a_5a68_4c25_bd,13.26401856864576,8.364978504180876,0,qwen25_real_m50_circulant_balanced_seed20260503,linear
versil91_01a5620a_fb5f_4bab_94+duyphu_0112d9da_9934_4614_b233+hongngo_687b8c72_c89b_4cb7_b7c,13.25693436360906,7.428506088256803,0,qwen25_real_m50_circulant_balanced_seed20260503,linear
duyphu_0112d9da_9934_4614_b233+phungkhaccuong_2b1522e6_bef2_7+nhung02_08157847_d833_4d45_90f,13.2227762645203,16.416612339019743,0,qwen25_real_m50_circulant_balanced_seed20260503,linear
laquythang_efe15045_778f_4dfa+nbninh_a1f78795_1b61_4923_9235+hongngo_7e251dfc_e0f7_4f73_aae,13.070813023998785,9.634390544891325,0,qwen25_real_m50_balanced_random_seed20260504,linear
versil91_e9f26c47_9b78_4e3f_81+cunghoctienganh_4909ad74_a335+phungkhaccuong_2b1522e6_bef2_7,12.758644065041036,3.9562851905822423,0,qwen25_real_m50_balanced_random_seed20260503,linear
versil91_e9f26c47_9b78_4e3f_81+phungkhaccuong_2b1522e6_bef2_7+mrhungddddh_911f6275_22fd_4f41,12.48650709494282,6.296423149108854,0,qwen25_real_m50_balanced_random_seed20260504,linear
tuanna08go_c1cf0152_7ae6_43b6+laquythang_8444c3be_8779_4769+phungkhaccuong_a992b7f5_9d18_c,12.467518716497812,1.010015678405729,0,qwen25_real_m50_balanced_random_seed20260503,linear
nhoxinh_0c66c9c5_5cc2_46a8_9db+nhung02_db2c9545_4607_487b_9cc+nhung03_7b6cdc3c_7130_4c2c_a2c,12.3095787067782,13.659551811218227,0,qwen25_real_m50_circulant_balanced_seed20260503,linear
versil91_e9f26c47_9b78_4e3f_81+nbninh_a1f78795_1b61_4923_9235+versil91_474890ea_012d_4a25_96,12.191948681268634,6.6967279434203775,0,qwen25_real_m50_balanced_random_seed20260503,linear
cunghoctienganh_b7496e73_1762+duyphu_0112d9da_9934_4614_b233+nblinh63_0eb73af3_0631_437a_ad,12.049892616271949,7.85379714965817,0,qwen25_real_m50_balanced_random_seed20260505,linear
adammandic87_3d7a58a6_4380_4e3+cunghoctienganh_4909ad74_a335+mrhungddddh_911f6275_22fd_4f41,12.021138472220873,6.356075477600065,0,qwen25_real_m50_balanced_random_seed20260504,linear
cunghoctienganh_b7496e73_1762+duyphu_4909ad74_a335_4972_9ed8+versil91_474890ea_012d_4a25_96,12.019458484650064,14.102783870696989,0,qwen25_real_m50_circulant_balanced_seed20260503,linear
duyphu_4909ad74_a335_4972_9ed8+nhoxinh_9214fc0d_4490_4bdd_9ff+hongngo_9d92894f_7b7b_49e0_8f3,11.993827828497622,9.390488338470426,0,qwen25_real_m50_balanced_random_seed20260505,linear
laquythang_8444c3be_8779_4769+nhoxinh_2f944a50_cbd3_4334_af8+versil91_121ef6e9_0ded_4fc3_8c,11.824382500151994,10.955444049835172,0,qwen25_real_m50_balanced_random_seed20260505,linear
versil91_e9f26c47_9b78_4e3f_81+laquythang_8444c3be_8779_4769+cunghoctienganh_4909ad74_a335,11.699862916855572,3.028717708587614,0,qwen25_real_m50_balanced_random_seed20260505,linear
versil91_e9f26c47_9b78_4e3f_81+nhoxinh_2f944a50_cbd3_4334_af8+nhung02_db2c9545_4607_487b_9cc,11.68774682864617,10.032525730133024,0,qwen25_real_m50_circulant_balanced_seed20260503,linear
lhong4759_f68c5c87_934d_4399_b+laquythang_8444c3be_8779_4769+versil91_121ef6e9_0ded_4fc3_8c,11.662666197725304,2.5776178359985025,0,qwen25_real_m50_balanced_random_seed20260504,linear
versil91_8444c3be_8779_4769_a0+cunghoctienganh_c1cf0152_7ae6+nhung02_db2c9545_4607_487b_9cc,11.53841651230666,4.213073921203581,0,qwen25_real_m50_balanced_random_seed20260504,linear
nhoxinh_0c66c9c5_5cc2_46a8_9db+hongngo_687b8c72_c89b_4cb7_b7c+adammandic87_f28f18cf_4abb_4db,11.486375297280984,0.6999999999999673,0,qwen25_real_m50_balanced_random_seed20260505,linear
cunghoctienganh_b7496e73_1762+chauhoang_4909ad74_a335_4972_9+adammandic87_f28f18cf_4abb_4db,11.440244388580297,14.407840442657438,0,qwen25_real_m50_circulant_balanced_seed20260503,linear
duyphu_0112d9da_9934_4614_b233+mrhungddddh_9b1deaac_4565_48f2+versil91_121ef6e9_0ded_4fc3_8c,11.419376579811304,10.168948841094938,0,qwen25_real_m50_balanced_random_seed20260504,linear
versil91_8444c3be_8779_4769_a0+adammandic87_f28f18cf_4abb_4db+versil91_63cd5c4a_5a68_4c25_bd,11.302926445578365,1.481249999999967,0,qwen25_real_m50_balanced_random_seed20260505,linear
tuanna08go_7647f014_8af3_4266+denbeo_d9ae91c0_fed9_4fb4_8ddd+hongngo_687b8c72_c89b_4cb7_b7c,11.24415276266642,3.8249999999999673,0,qwen25_real_m50_circulant_balanced_seed20260503,linear
tuanna08go_7647f014_8af3_4266+nbninh_a1f78795_1b61_4923_9235+nhoxinh_9214fc0d_4490_4bdd_9ff,11.190482632723402,10.387495231628384,0,qwen25_real_m50_balanced_random_seed20260504,linear
hongngo_7e251dfc_e0f7_4f73_aae+nhung02_08157847_d833_4d45_90f+datlaaaaaaa_e8cccbe1_c136_409a,11.055895757675216,8.131709766387907,0,qwen25_real_m50_balanced_random_seed20260505,linear
adammandic87_3d7a58a6_4380_4e3+denbeo_d9ae91c0_fed9_4fb4_8ddd+mrhungddddh_911f6275_22fd_4f41,10.93077975596704,9.481075477600063,0,qwen25_real_m50_circulant_balanced_seed20260503,linear
tuanna08go_7647f014_8af3_4266+cunghoctienganh_c1cf0152_7ae6+duyphu_0112d9da_9934_4614_b233,10.808137821232188,5.54126806259152,0,qwen25_real_m50_balanced_random_seed20260505,linear
denbeo_d9ae91c0_fed9_4fb4_8ddd+nbninh_a1f78795_1b61_4923_9235+nhoxinh_0c66c9c5_5cc2_46a8_9db,10.69043190702751,12.74348802566525,0,qwen25_real_m50_balanced_random_seed20260503,linear
lhong4759_f68c5c87_934d_4399_b+versil91_e9f26c47_9b78_4e3f_81+chauhoang_4909ad74_a335_4972_9,10.495141220092732,2.6047498703002603,0,qwen25_real_m50_balanced_random_seed20260504,linear
duyphu_4909ad74_a335_4972_9ed8+hongngo_687b8c72_c89b_4cb7_b7c+hongngo_9d92894f_7b7b_49e0_8f3,10.375399516580366,7.049205970764128,0,qwen25_real_m50_balanced_random_seed20260505,linear
denbeo_d9ae91c0_fed9_4fb4_8ddd+hongngo_7e251dfc_e0f7_4f73_aae+thaffggg_8c87f3d3_d4bb_475a_a8,10.28983297423672,5.386188697814909,0,qwen25_real_m50_balanced_random_seed20260503,linear
denbeo_d9ae91c0_fed9_4fb4_8ddd+mrhunghd_9e58333c_df22_4a00_9c+nhung03_7b6cdc3c_7130_4c2c_a2c,10.26244389066734,4.04820747375485,0,qwen25_real_m50_balanced_random_seed20260503,linear
chauhoang_2aa4f343_5524_f86e_b+nhoxinh_9214fc0d_4490_4bdd_9ff+nhung03_7b6cdc3c_7130_4c2c_a2c,9.974327407008182,7.391169738769499,0,qwen25_real_m50_balanced_random_seed20260504,linear
cunghoctienganh_c1cf0152_7ae6+phungkhaccuong_a992b7f5_9d18_c+hongngo_7e251dfc_e0f7_4f73_aae,9.933749273635213,5.052664947509733,0,qwen25_real_m50_circulant_balanced_seed20260503,linear
cunghoctienganh_b7496e73_1762+chauhoang_2aa4f343_5524_f86e_b+nbninh_c4ae10ba_efe4_401e_8dd7,9.909956203362338,4.1569025039672525,0,qwen25_real_m50_balanced_random_seed20260505,linear
versil91_01a5620a_fb5f_4bab_94+nbninh_a1f78795_1b61_4923_9235+hongngo_687b8c72_c89b_4cb7_b7c,9.890583829253725,9.86781425476071,0,qwen25_real_m50_circulant_balanced_seed20260503,linear
versil91_8444c3be_8779_4769_a0+tuanna08go_7647f014_8af3_4266+duyphu_0112d9da_9934_4614_b233,9.844613515302136,7.920745086669889,0,qwen25_real_m50_balanced_random_seed20260503,linear
chauhoang_2aa4f343_5524_f86e_b+phungkhaccuong_a992b7f5_9d18_c+phungkhaccuong_731c6dec_a942_4,9.789519029385737,5.595830154418913,0,qwen25_real_m50_balanced_random_seed20260505,linear
tuanna08go_c1cf0152_7ae6_43b6+phungkhaccuong_a992b7f5_9d18_c+nhoxinh_0c66c9c5_5cc2_46a8_9db,9.767236529344531,5.668917369842497,0,qwen25_real_m50_balanced_random_seed20260504,linear
thaffggg_8a78a9b2_d3fa_4615_b8+duyphu_0112d9da_9934_4614_b233+phungkhaccuong_a992b7f5_9d18_c,9.74206984033967,12.107256126403776,0,qwen25_real_m50_balanced_random_seed20260505,linear
denbeo_d9ae91c0_fed9_4fb4_8ddd+nhoxinh_2f944a50_cbd3_4334_af8+versil91_121ef6e9_0ded_4fc3_8c,9.633935972135513,5.3997427940368325,0,qwen25_real_m50_balanced_random_seed20260504,linear
adammandic87_3d7a58a6_4380_4e3+duyphu_7aba420b_74ac_4209_b514+adammandic87_f28f18cf_4abb_4db,9.345832538605196,0.7857101168149844,0,qwen25_real_m50_balanced_random_seed20260505,linear
laquythang_efe15045_778f_4dfa+cunghoctienganh_b7496e73_1762+versil91_121ef6e9_0ded_4fc3_8c,9.206114215947686,8.993640613555876,0,qwen25_real_m50_balanced_random_seed20260503,linear
versil91_e9f26c47_9b78_4e3f_81+tuanna08go_6af2bb68_a65f_4331+datlaaaaaaa_0dbe42c8_b07b_4785,9.067967605590024,0.6702381449087356,0,qwen25_real_m50_balanced_random_seed20260503,linear
chauhoang_4909ad74_a335_4972_9+phungkhaccuong_731c6dec_a942_4+adammandic87_f28f18cf_4abb_4db,8.968737792968714,4.015973281860319,0,qwen25_real_m50_balanced_random_seed20260505,linear
cunghoctienganh_4909ad74_a335+cunghoctienganh_b7496e73_1762+phungkhaccuong_2b1522e6_bef2_7,8.76765307962134,12.073710632324186,0,qwen25_real_m50_balanced_random_seed20260503,linear
versil91_8444c3be_8779_4769_a0+laquythang_efe15045_778f_4dfa+nbninh_a1f78795_1b61_4923_9235,8.68544634625152,4.294768047332731,0,qwen25_real_m50_balanced_random_seed20260503,linear
phungkhaccuong_a992b7f5_9d18_c+datlaaaaaaa_0dbe42c8_b07b_4785+adammandic87_f28f18cf_4abb_4db,8.673645116340424,6.851962280273405,0,qwen25_real_m50_balanced_random_seed20260505,linear
denbeo_d9ae91c0_fed9_4fb4_8ddd+nbninh_a1f78795_1b61_4923_9235+nhung02_08157847_d833_4d45_90f,8.507530297178453,3.217366409301725,0,qwen25_real_m50_balanced_random_seed20260504,linear
phungkhaccuong_a992b7f5_9d18_c+datlaaaaaaa_e8cccbe1_c136_409a+versil91_121ef6e9_0ded_4fc3_8c,8.388421010971042,4.04820747375485,0,qwen25_real_m50_balanced_random_seed20260503,linear
cunghoctienganh_4909ad74_a335+hongngo_687b8c72_c89b_4cb7_b7c+nhung03_7b6cdc3c_7130_4c2c_a2c,8.341893685225262,2.70163125991818,0,qwen25_real_m50_circulant_balanced_seed20260503,linear
tuanna08go_c1cf0152_7ae6_43b6+thaffggg_8c87f3d3_d4bb_475a_a8+mrhungddddh_911f6275_22fd_4f41,8.291970927000936,2.8008253097533853,0,qwen25_real_m50_balanced_random_seed20260504,linear
hongngo_7e251dfc_e0f7_4f73_aae+mrhunghd_9e58333c_df22_4a00_9c+nhung02_db2c9545_4607_487b_9cc,8.271268081665012,0.0377923965453774,0,qwen25_real_m50_balanced_random_seed20260505,linear
duyphu_7aba420b_74ac_4209_b514+nbninh_a1f78795_1b61_4923_9235+mrhungddddh_911f6275_22fd_4f41,8.229258007807076,4.131391716003385,0,qwen25_real_m50_balanced_random_seed20260504,linear
versil91_01a5620a_fb5f_4bab_94+duyphu_4909ad74_a335_4972_9ed8+versil91_474890ea_012d_4a25_96,8.178808004385562,5.541256141662565,0,qwen25_real_m50_balanced_random_seed20260505,linear
lhong4759_f68c5c87_934d_4399_b+nbninh_0d8b128b_8753_46c3_b80f+mrhungddddh_9b1deaac_4565_48f2,8.061263036727869,1.1562139511108072,0,qwen25_real_m50_balanced_random_seed20260503,linear
duyphu_4909ad74_a335_4972_9ed8+phungkhaccuong_2b1522e6_bef2_7+nbninh_0d8b128b_8753_46c3_b80f,8.049514736508131,3.6687523841857583,0,qwen25_real_m50_balanced_random_seed20260504,linear
adammandic87_3d7a58a6_4380_4e3+nhoxinh_2f944a50_cbd3_4334_af8+versil91_63cd5c4a_5a68_4c25_bd,8.023166900924517,8.070865345001188,0,qwen25_real_m50_balanced_random_seed20260504,linear
adammandic87_3d7a58a6_4380_4e3+phungkhaccuong_731c6dec_a942_4+nbninh_0d8b128b_8753_46c3_b80f,7.999219833416828,2.4224192619323404,0,qwen25_real_m50_balanced_random_seed20260503,linear
hongngo_9d92894f_7b7b_49e0_8f3+nhung03_7b6cdc3c_7130_4c2c_a2c+versil91_63cd5c4a_5a68_4c25_bd,7.87515945434567,6.039622497558561,0,qwen25_real_m50_balanced_random_seed20260503,linear
tuanna08go_c1cf0152_7ae6_43b6+laquythang_8444c3be_8779_4769+adammandic87_f28f18cf_4abb_4db,7.708565965421668,3.9614111900329263,0,qwen25_real_m50_balanced_random_seed20260503,linear
phungkhaccuong_2b1522e6_bef2_7+nblinh63_0eb73af3_0631_437a_ad+nhung03_7b6cdc3c_7130_4c2c_a2c,7.645528441823248,1.55800958499033,0,qwen25_real_m50_balanced_random_seed20260505,linear
versil91_01a5620a_fb5f_4bab_94+hongngo_7e251dfc_e0f7_4f73_aae+versil91_121ef6e9_0ded_4fc3_8c,7.632405087490816,1.096823883056608,0,qwen25_real_m50_balanced_random_seed20260505,linear
versil91_e9f26c47_9b78_4e3f_81+nhung02_db2c9545_4607_487b_9cc+datlaaaaaaa_0dbe42c8_b07b_4785,7.621156694773499,9.355571937561002,0,qwen25_real_m50_circulant_balanced_seed20260503,linear
cunghoctienganh_c1cf0152_7ae6+nbninh_c4ae10ba_efe4_401e_8dd7+hongngo_9d92894f_7b7b_49e0_8f3,7.587434993532047,1.1004597663879068,0,qwen25_real_m50_circulant_balanced_seed20260503,linear
nhoxinh_9214fc0d_4490_4bdd_9ff+nhung02_db2c9545_4607_487b_9cc+datlaaaaaaa_0dbe42c8_b07b_4785,7.580527032362291,13.505056571960417,0,qwen25_real_m50_balanced_random_seed20260504,linear
tuanna08go_7647f014_8af3_4266+mrhungddddh_9b1deaac_4565_48f2+versil91_63cd5c4a_5a68_4c25_bd,7.544986275826842,0.0786692619323403,0,qwen25_real_m50_circulant_balanced_seed20260503,linear
laquythang_8444c3be_8779_4769+phungkhaccuong_a992b7f5_9d18_c+phungkhaccuong_731c6dec_a942_4,7.481371745940485,6.752875518798795,0,qwen25_real_m50_balanced_random_seed20260504,linear
versil91_e9f26c47_9b78_4e3f_81+nhoxinh_9214fc0d_4490_4bdd_9ff+nhung03_7b6cdc3c_7130_4c2c_a2c,7.438923494295345,6.719330024719206,0,qwen25_real_m50_balanced_random_seed20260505,linear
nbninh_c4ae10ba_efe4_401e_8dd7+hongngo_7e251dfc_e0f7_4f73_aae+versil91_121ef6e9_0ded_4fc3_8c,7.305910101296191,2.326980304717985,0,qwen25_real_m50_balanced_random_seed20260503,linear
laquythang_efe15045_778f_4dfa+denbeo_d9ae91c0_fed9_4fb4_8ddd+datlaaaaaaa_e8cccbe1_c136_409a,7.255824513490992,0.2833396911620767,0,qwen25_real_m50_balanced_random_seed20260505,linear
laquythang_8444c3be_8779_4769+chauhoang_4909ad74_a335_4972_9+phungkhaccuong_731c6dec_a942_4,7.204308273836885,5.747118663787809,0,qwen25_real_m50_balanced_random_seed20260505,linear
cunghoctienganh_c1cf0152_7ae6+nbninh_c4ae10ba_efe4_401e_8dd7+nhoxinh_0c66c9c5_5cc2_46a8_9db,7.171338849928672,1.971009445190397,0,qwen25_real_m50_balanced_random_seed20260504,linear
nhoxinh_0c66c9c5_5cc2_46a8_9db+nhung02_08157847_d833_4d45_90f+versil91_63cd5c4a_5a68_4c25_bd,7.06245947412701,0.0837475776672036,0,qwen25_real_m50_balanced_random_seed20260504,linear
phungkhaccuong_2b1522e6_bef2_7+datlaaaaaaa_0dbe42c8_b07b_4785+versil91_63cd5c4a_5a68_4c25_bd,7.00806004039602,6.917741966247526,0,qwen25_real_m50_balanced_random_seed20260505,linear
adammandic87_3d7a58a6_4380_4e3+versil91_8444c3be_8779_4769_a0+versil91_121ef6e9_0ded_4fc3_8c,6.927238516886821,3.559473228454557,0,qwen25_real_m50_balanced_random_seed20260504,linear
cunghoctienganh_c1cf0152_7ae6+phungkhaccuong_731c6dec_a942_4+adammandic87_f28f18cf_4abb_4db,6.895134508487921,2.48570747375485,0,qwen25_real_m50_balanced_random_seed20260504,linear
tuanna08go_7647f014_8af3_4266+hongngo_7e251dfc_e0f7_4f73_aae+versil91_474890ea_012d_4a25_96,6.757751178742902,2.997794818878141,0,qwen25_real_m50_balanced_random_seed20260505,linear
lhong4759_f68c5c87_934d_4399_b+cunghoctienganh_4909ad74_a335+duyphu_0112d9da_9934_4614_b233,6.503154507427878,2.95563049316403,0,qwen25_real_m50_balanced_random_seed20260504,linear
cunghoctienganh_4909ad74_a335+denbeo_d9ae91c0_fed9_4fb4_8ddd+hongngo_687b8c72_c89b_4cb7_b7c,6.344089135104242,2.2314340591430337,0,qwen25_real_m50_circulant_balanced_seed20260503,linear
versil91_8444c3be_8779_4769_a0+laquythang_efe15045_778f_4dfa+datlaaaaaaa_e8cccbe1_c136_409a,6.255856227874711,1.9152791023254068,0,qwen25_real_m50_balanced_random_seed20260505,linear
phungkhaccuong_2b1522e6_bef2_7+phungkhaccuong_731c6dec_a942_4+datlaaaaaaa_0dbe42c8_b07b_4785,6.239500395103245,4.536810588836637,0,qwen25_real_m50_balanced_random_seed20260505,linear
duyphu_4909ad74_a335_4972_9ed8+adammandic87_f28f18cf_4abb_4db+versil91_63cd5c4a_5a68_4c25_bd,6.1447015314816,8.492663574218717,0,qwen25_real_m50_balanced_random_seed20260504,linear
phungkhaccuong_731c6dec_a942_4+mrhungddddh_9b1deaac_4565_48f2+adammandic87_f28f18cf_4abb_4db,6.118704142084953,0.3749639511108071,0,qwen25_real_m50_circulant_balanced_seed20260503,linear
nbninh_0d8b128b_8753_46c3_b80f+hongngo_687b8c72_c89b_4cb7_b7c+datlaaaaaaa_0dbe42c8_b07b_4785,5.9922453693106,4.345837306976286,0,qwen25_real_m50_balanced_random_seed20260504,linear
lhong4759_f68c5c87_934d_4399_b+versil91_e9f26c47_9b78_4e3f_81+nbninh_a1f78795_1b61_4923_9235,5.902937308575243,7.130876255035368,0,qwen25_real_m50_balanced_random_seed20260505,linear
versil91_e9f26c47_9b78_4e3f_81+nhoxinh_2f944a50_cbd3_4334_af8+nhoxinh_9214fc0d_4490_4bdd_9ff,5.684855265797694,1.878085803985563,0,qwen25_real_m50_balanced_random_seed20260503,linear
duyphu_7aba420b_74ac_4209_b514+nbninh_0d8b128b_8753_46c3_b80f+nbninh_a1f78795_1b61_4923_9235,5.625584793026819,0.873301424958096,0,qwen25_real_m50_balanced_random_seed20260504,linear
chauhoang_2aa4f343_5524_f86e_b+nhung03_7b6cdc3c_7130_4c2c_a2c+versil91_474890ea_012d_4a25_96,5.536049593151756,2.905884456634489,0,qwen25_real_m50_circulant_balanced_seed20260503,linear
phungkhaccuong_2b1522e6_bef2_7+nhoxinh_2f944a50_cbd3_4334_af8+hongngo_7e251dfc_e0f7_4f73_aae,5.409518325141415,8.264473152160612,0,qwen25_real_m50_circulant_balanced_seed20260503,linear
nbninh_a1f78795_1b61_4923_9235+nhoxinh_9214fc0d_4490_4bdd_9ff+versil91_63cd5c4a_5a68_4c25_bd,5.3980334462276325,7.542744350433317,0,qwen25_real_m50_balanced_random_seed20260503,linear
phungkhaccuong_731c6dec_a942_4+nhoxinh_0c66c9c5_5cc2_46a8_9db+mrhungddddh_9b1deaac_4565_48f2,5.24613014117166,5.8388859748840005,0,qwen25_real_m50_balanced_random_seed20260503,linear
tuanna08go_7647f014_8af3_4266+tuanna08go_c1cf0152_7ae6_43b6+phungkhaccuong_731c6dec_a942_4,5.2264389994499165,1.7504126548766763,0,qwen25_real_m50_balanced_random_seed20260503,linear
datlaaaaaaa_cc1f8701_0976_4f48+nbninh_c4ae10ba_efe4_401e_8dd7+nbninh_a1f78795_1b61_4923_9235,5.194644608020866,8.340922069549528,0,qwen25_real_m50_circulant_balanced_seed20260503,linear
thaffggg_8a78a9b2_d3fa_4615_b8+nbninh_c4ae10ba_efe4_401e_8dd7+adammandic87_f28f18cf_4abb_4db,5.1212267086738805,7.825329971313444,0,qwen25_real_m50_balanced_random_seed20260503,linear
datlaaaaaaa_cc1f8701_0976_4f48+phungkhaccuong_a992b7f5_9d18_c+mrhungddddh_911f6275_22fd_4f41,5.090302840139323,7.43112869262692,0,qwen25_real_m50_balanced_random_seed20260503,linear
versil91_01a5620a_fb5f_4bab_94+versil91_e9f26c47_9b78_4e3f_81+adammandic87_f28f18cf_4abb_4db,5.0750047683715565,1.791277599334684,0,qwen25_real_m50_balanced_random_seed20260504,linear
duyphu_4909ad74_a335_4972_9ed8+nhung02_08157847_d833_4d45_90f+adammandic87_f28f18cf_4abb_4db,5.040300400750272,2.2611886978149087,0,qwen25_real_m50_balanced_random_seed20260503,linear
nbninh_0d8b128b_8753_46c3_b80f+datlaaaaaaa_0dbe42c8_b07b_4785+versil91_474890ea_012d_4a25_96,5.014315633811687,2.1012813568114908,0,qwen25_real_m50_balanced_random_seed20260504,linear
versil91_e9f26c47_9b78_4e3f_81+phungkhaccuong_731c6dec_a942_4+nhoxinh_9214fc0d_4490_4bdd_9ff,4.956183078680965,2.8701455116271646,0,qwen25_real_m50_circulant_balanced_seed20260503,linear
versil91_e9f26c47_9b78_4e3f_81+datlaaaaaaa_cc1f8701_0976_4f48+cunghoctienganh_b7496e73_1762,4.90485708896021,9.063080024719206,0,qwen25_real_m50_balanced_random_seed20260504,linear
versil91_01a5620a_fb5f_4bab_94+duyphu_4909ad74_a335_4972_9ed8+nbninh_c4ae10ba_efe4_401e_8dd7,4.781158722655408,1.8694550514220865,0,qwen25_real_m50_balanced_random_seed20260503,linear
adammandic87_3d7a58a6_4380_4e3+tuanna08go_c1cf0152_7ae6_43b6+nhung03_7b6cdc3c_7130_4c2c_a2c,4.765759658593256,4.655852985382047,0,qwen25_real_m50_balanced_random_seed20260503,linear
versil91_8444c3be_8779_4769_a0+chauhoang_2aa4f343_5524_f86e_b+datlaaaaaaa_0dbe42c8_b07b_4785,4.712388009210603,6.460228633880583,0,qwen25_real_m50_balanced_random_seed20260505,linear
versil91_01a5620a_fb5f_4bab_94+duyphu_7aba420b_74ac_4209_b514+tuanna08go_7647f014_8af3_4266,4.699423980712871,0.6201673799027043,0,qwen25_real_m50_circulant_balanced_seed20260503,linear
chauhoang_2aa4f343_5524_f86e_b+phungkhaccuong_2b1522e6_bef2_7+versil91_63cd5c4a_5a68_4c25_bd,4.628892280814563,3.1801611900329263,0,qwen25_real_m50_circulant_balanced_seed20260503,linear
nhoxinh_2f944a50_cbd3_4334_af8+nhoxinh_0c66c9c5_5cc2_46a8_9db+mrhunghd_9e58333c_df22_4a00_9c,4.611189381365973,2.3121029853820474,0,qwen25_real_m50_balanced_random_seed20260505,linear
tuanna08go_7647f014_8af3_4266+laquythang_efe15045_778f_4dfa+cunghoctienganh_c1cf0152_7ae6,4.582988555886328,1.3944537162780437,0,qwen25_real_m50_balanced_random_seed20260504,linear
chauhoang_2aa4f343_5524_f86e_b+adammandic87_f28f18cf_4abb_4db+nhung03_7b6cdc3c_7130_4c2c_a2c,4.580174631683775,1.3709456443786294,0,qwen25_real_m50_balanced_random_seed20260503,linear
tuanna08go_6af2bb68_a65f_4331+datlaaaaaaa_0dbe42c8_b07b_4785+datlaaaaaaa_e8cccbe1_c136_409a,4.518130493164037,1.5680582046508462,0,qwen25_real_m50_balanced_random_seed20260503,linear
tuanna08go_7647f014_8af3_4266+phungkhaccuong_731c6dec_a942_4+versil91_63cd5c4a_5a68_4c25_bd,4.3629656160151775,4.152372550964323,0,qwen25_real_m50_balanced_random_seed20260503,linear
adammandic87_3d7a58a6_4380_4e3+thaffggg_8a78a9b2_d3fa_4615_b8+phungkhaccuong_a992b7f5_9d18_c,4.325248180744163,1.2555510520934732,0,qwen25_real_m50_balanced_random_seed20260505,linear
versil91_e9f26c47_9b78_4e3f_81+denbeo_d9ae91c0_fed9_4fb4_8ddd+nbninh_c4ae10ba_efe4_401e_8dd7,4.255297220792946,0.5163342475890786,0,qwen25_real_m50_balanced_random_seed20260505,linear
cunghoctienganh_b7496e73_1762+versil91_63cd5c4a_5a68_4c25_bd+versil91_474890ea_012d_4a25_96,4.222183216384568,5.66031045913693,0,qwen25_real_m50_circulant_balanced_seed20260503,linear
versil91_01a5620a_fb5f_4bab_94+phungkhaccuong_731c6dec_a942_4+nhung02_08157847_d833_4d45_90f,4.19098518537916,2.8825313568114908,0,qwen25_real_m50_balanced_random_seed20260504,linear
versil91_8444c3be_8779_4769_a0+chauhoang_2aa4f343_5524_f86e_b+hongngo_687b8c72_c89b_4cb7_b7c,4.159742386277004,3.404679965972868,0,qwen25_real_m50_balanced_random_seed20260503,linear
lhong4759_f68c5c87_934d_4399_b+cunghoctienganh_b7496e73_1762+hongngo_9d92894f_7b7b_49e0_8f3,4.075911956313423,9.167245101928678,0,qwen25_real_m50_circulant_balanced_seed20260503,linear
datlaaaaaaa_cc1f8701_0976_4f48+phungkhaccuong_731c6dec_a942_4+nbninh_c4ae10ba_efe4_401e_8dd7,4.052090031032947,4.965856742858854,0,qwen25_real_m50_circulant_balanced_seed20260503,linear
versil91_8444c3be_8779_4769_a0+tuanna08go_7647f014_8af3_4266+cunghoctienganh_c1cf0152_7ae6,3.874644264592112,0.7731110572814615,0,qwen25_real_m50_balanced_random_seed20260503,linear
versil91_01a5620a_fb5f_4bab_94+thaffggg_8a78a9b2_d3fa_4615_b8+nbninh_c4ae10ba_efe4_401e_8dd7,3.784404805863652,4.138663482665983,0,qwen25_real_m50_balanced_random_seed20260503,linear
hongngo_687b8c72_c89b_4cb7_b7c+nhung02_08157847_d833_4d45_90f+datlaaaaaaa_e8cccbe1_c136_409a,3.774271018448715,0.495329570770231,0,qwen25_real_m50_balanced_random_seed20260504,linear
cunghoctienganh_c1cf0152_7ae6+chauhoang_2aa4f343_5524_f86e_b+mrhungddddh_911f6275_22fd_4f41,3.6115955521466496,5.26348657608029,0,qwen25_real_m50_balanced_random_seed20260505,linear
versil91_01a5620a_fb5f_4bab_94+hongngo_7e251dfc_e0f7_4f73_aae+versil91_474890ea_012d_4a25_96,3.5116013514423603,0.5263955116271646,0,qwen25_real_m50_balanced_random_seed20260504,linear
laquythang_8444c3be_8779_4769+phungkhaccuong_2b1522e6_bef2_7+versil91_474890ea_012d_4a25_96,3.457447533276204,4.76001806259152,0,qwen25_real_m50_balanced_random_seed20260505,linear
phungkhaccuong_731c6dec_a942_4+thaffggg_8c87f3d3_d4bb_475a_a8+datlaaaaaaa_0dbe42c8_b07b_4785,3.418133652628917,3.738203716278044,0,qwen25_real_m50_balanced_random_seed20260503,linear
duyphu_7aba420b_74ac_4209_b514+datlaaaaaaa_cc1f8701_0976_4f48+duyphu_0112d9da_9934_4614_b233,3.275164857536444,8.611705970764127,0,qwen25_real_m50_circulant_balanced_seed20260503,linear
thaffggg_8a78a9b2_d3fa_4615_b8+chauhoang_2aa4f343_5524_f86e_b+nhoxinh_9214fc0d_4490_4bdd_9ff,3.271836307856546,1.389494609832731,0,qwen25_real_m50_balanced_random_seed20260503,linear
adammandic87_3d7a58a6_4380_4e3+hongngo_7e251dfc_e0f7_4f73_aae+nhung02_08157847_d833_4d45_90f,3.270416648261225,4.925015640258756,0,qwen25_real_m50_circulant_balanced_seed20260503,linear
duyphu_7aba420b_74ac_4209_b514+datlaaaaaaa_cc1f8701_0976_4f48+nbninh_0d8b128b_8753_46c3_b80f,3.235003022630889,0.4896086721895692,0,qwen25_real_m50_balanced_random_seed20260503,linear
denbeo_d9ae91c0_fed9_4fb4_8ddd+nhoxinh_2f944a50_cbd3_4334_af8+thaffggg_8c87f3d3_d4bb_475a_a8,3.230880306796013,1.7095715522765786,0,qwen25_real_m50_circulant_balanced_seed20260503,linear
cunghoctienganh_c1cf0152_7ae6+nblinh63_0eb73af3_0631_437a_ad+datlaaaaaaa_e8cccbe1_c136_409a,0.000877565198579,-0.4038416136520285,1,qwen25_real_m50_balanced_random_seed20260504,linear
tuanna08go_6af2bb68_a65f_4331+phungkhaccuong_2b1522e6_bef2_7+versil91_63cd5c4a_5a68_4c25_bd,0.0052189098684925,-0.4607230200730246,1,qwen25_real_m50_balanced_random_seed20260504,linear
chauhoang_4909ad74_a335_4972_9+phungkhaccuong_a992b7f5_9d18_c+mrhungddddh_fe499423_02f3_4cfd,0.0068518414211325,-0.0200827375161744,1,qwen25_real_m50_balanced_random_seed20260503,linear
lhong4759_f68c5c87_934d_4399_b+tuanna08go_6af2bb68_a65f_4331+mrhunghddddd_d692685b_fdb4_477,-0.013022738922048,-0.3000000000000009,1,qwen25_real_m50_balanced_random_seed20260504,linear
nhoxinh_2f944a50_cbd3_4334_af8+thaffggg_8c87f3d3_d4bb_475a_a8+mrhungddddh_fe499423_02f3_4cfd,-0.0136142001636342,-0.1823932487697989,1,qwen25_real_m50_circulant_balanced_seed20260503,linear
tuanna08go_6af2bb68_a65f_4331+nhoxinh_0c66c9c5_5cc2_46a8_9db+hongngo_9d92894f_7b7b_49e0_8f3,-0.0257996023631466,-0.0485624687548827,1,qwen25_real_m50_circulant_balanced_seed20260503,linear
thaffggg_8a78a9b2_d3fa_4615_b8+mrhunghd_9e58333c_df22_4a00_9c+mrhunghddddd_d692685b_fdb4_477,-0.0404940386629248,-0.2056430559476297,1,qwen25_real_m50_balanced_random_seed20260504,linear
laquythang_8444c3be_8779_4769+phungkhaccuong_a992b7f5_9d18_c+nblinh63_0eb73af3_0631_437a_ad,0.0418702984918425,-0.1114158820796767,1,qwen25_real_m50_balanced_random_seed20260505,linear
cunghoctienganh_b7496e73_1762+denbeo_d9ae91c0_fed9_4fb4_8ddd+mrhunghddddd_d692685b_fdb4_477,0.0442804045579892,-0.0532475334376969,1,qwen25_real_m50_balanced_random_seed20260504,linear
cunghoctienganh_4909ad74_a335+hongngo_687b8c72_c89b_4cb7_b7c+nblinh63_0eb73af3_0631_437a_ad,-0.0552666392102573,-0.8330534054807761,1,qwen25_real_m50_balanced_random_seed20260504,linear
versil91_e9f26c47_9b78_4e3f_81+phungkhaccuong_2b1522e6_bef2_7+mrhunghddddd_d692685b_fdb4_477,-0.0632847104675456,-0.2150264047662814,1,qwen25_real_m50_balanced_random_seed20260505,linear
versil91_e9f26c47_9b78_4e3f_81+nblinh63_0eb73af3_0631_437a_ad+mrhunghd_9e58333c_df22_4a00_9c,-0.0681194055302283,-0.3977333766429256,1,qwen25_real_m50_balanced_random_seed20260504,linear
datlaaaaaaa_cc1f8701_0976_4f48+tuanna08go_c1cf0152_7ae6_43b6+mrhunghddddd_d692685b_fdb4_477,-0.0747643739447466,-0.3047563552509987,1,qwen25_real_m50_balanced_random_seed20260505,linear
cunghoctienganh_c1cf0152_7ae6+cunghoctienganh_b7496e73_1762+mrhunghddddd_d692685b_fdb4_477,0.0860610935241922,0.0681515986701175,0,qwen25_real_m50_balanced_random_seed20260505,linear
lhong4759_f68c5c87_934d_4399_b+duyphu_7aba420b_74ac_4209_b514+nhoxinh_9214fc0d_4490_4bdd_9ff,0.0868542755023362,-0.0142881665794314,1,qwen25_real_m50_balanced_random_seed20260505,linear
tuanna08go_c1cf0152_7ae6_43b6+duyphu_4909ad74_a335_4972_9ed8+mrhungddddh_fe499423_02f3_4cfd,0.0895897863775767,-0.1120354489769321,1,qwen25_real_m50_balanced_random_seed20260505,linear
hongngo_9d92894f_7b7b_49e0_8f3+mrhunghddddd_d692685b_fdb4_477+datlaaaaaaa_e8cccbe1_c136_409a,-0.1004520289451069,-0.2040659491919669,1,qwen25_real_m50_balanced_random_seed20260504,linear
versil91_e9f26c47_9b78_4e3f_81+tuanna08go_6af2bb68_a65f_4331+nblinh63_0eb73af3_0631_437a_ad,0.1090983695730436,-0.6035742597981341,1,qwen25_real_m50_balanced_random_seed20260503,linear
cunghoctienganh_c1cf0152_7ae6+nblinh63_0eb73af3_0631_437a_ad+versil91_474890ea_012d_4a25_96,-0.1094415037658009,-0.3550993341292363,1,qwen25_real_m50_balanced_random_seed20260503,linear
adammandic87_3d7a58a6_4380_4e3+cunghoctienganh_4909ad74_a335+nblinh63_0eb73af3_0631_437a_ad,0.1107917294618458,0.60681825906667,0,qwen25_real_m50_balanced_random_seed20260505,linear
nbninh_0d8b128b_8753_46c3_b80f+nbninh_a1f78795_1b61_4923_9235+mrhunghddddd_d692685b_fdb4_477,-0.1115976670818932,0.1448538228667602,0,qwen25_real_m50_circulant_balanced_seed20260503,linear
tuanna08go_6af2bb68_a65f_4331+nbninh_0d8b128b_8753_46c3_b80f+mrhungddddh_911f6275_22fd_4f41,-0.1173023929352412,-0.3221074428783208,1,qwen25_real_m50_balanced_random_seed20260505,linear
tuanna08go_6af2bb68_a65f_4331+nbninh_0d8b128b_8753_46c3_b80f+mrhungddddh_fe499423_02f3_4cfd,-0.1190759939759014,-0.0571485138071163,1,qwen25_real_m50_balanced_random_seed20260504,linear
cunghoctienganh_4909ad74_a335+mrhungddddh_fe499423_02f3_4cfd+mrhungddddh_9b1deaac_4565_48f2,0.1262409239876332,0.0291776358660237,0,qwen25_real_m50_balanced_random_seed20260505,linear
duyphu_0112d9da_9934_4614_b233+mrhunghd_9e58333c_df22_4a00_9c+mrhungddddh_fe499423_02f3_4cfd,0.1265225958556888,0.2378269123605693,0,qwen25_real_m50_balanced_random_seed20260503,linear
nhoxinh_0c66c9c5_5cc2_46a8_9db+nblinh63_0eb73af3_0631_437a_ad+mrhungddddh_fe499423_02f3_4cfd,0.128099093950614,-0.310788479082497,1,qwen25_real_m50_balanced_random_seed20260505,linear
nbninh_0d8b128b_8753_46c3_b80f+nblinh63_0eb73af3_0631_437a_ad+versil91_63cd5c4a_5a68_4c25_bd,-0.1312572602232389,-0.2177332025236136,1,qwen25_real_m50_circulant_balanced_seed20260503,linear
nbninh_0d8b128b_8753_46c3_b80f+hongngo_687b8c72_c89b_4cb7_b7c+mrhungddddh_fe499423_02f3_4cfd,0.1331454138957838,0.0280603908308697,0,qwen25_real_m50_balanced_random_seed20260503,linear
phungkhaccuong_2b1522e6_bef2_7+nhoxinh_0c66c9c5_5cc2_46a8_9db+mrhunghddddd_d692685b_fdb4_477,-0.1346154459318033,0.064306646663763,0,qwen25_real_m50_circulant_balanced_seed20260503,linear
hongngo_9d92894f_7b7b_49e0_8f3+thaffggg_8c87f3d3_d4bb_475a_a8+nhung02_08157847_d833_4d45_90f,-0.1357955113216196,-4.052123355865511,1,qwen25_real_m50_balanced_random_seed20260505,linear
nbninh_c4ae10ba_efe4_401e_8dd7+nblinh63_0eb73af3_0631_437a_ad+nhung03_7b6cdc3c_7130_4c2c_a2c,0.1382476922708017,-0.3491384296047471,1,qwen25_real_m50_balanced_random_seed20260504,linear
tuanna08go_6af2bb68_a65f_4331+nbninh_0d8b128b_8753_46c3_b80f+versil91_63cd5c4a_5a68_4c25_bd,0.1425270259504884,-0.1774475927205744,1,qwen25_real_m50_balanced_random_seed20260504,linear
chauhoang_2aa4f343_5524_f86e_b+nbninh_0d8b128b_8753_46c3_b80f+thaffggg_8c87f3d3_d4bb_475a_a8,-0.1461069680398488,0.92320747375485,0,qwen25_real_m50_balanced_random_seed20260505,linear
thaffggg_8a78a9b2_d3fa_4615_b8+nhoxinh_9214fc0d_4490_4bdd_9ff+mrhunghd_9e58333c_df22_4a00_9c,0.1528632933978313,-1.2056439399719563,1,qwen25_real_m50_circulant_balanced_seed20260503,linear
phungkhaccuong_731c6dec_a942_4+nhung02_db2c9545_4607_487b_9cc+mrhunghddddd_d692685b_fdb4_477,-0.1557054477305654,-0.1579067408000319,1,qwen25_real_m50_balanced_random_seed20260503,linear
nhoxinh_9214fc0d_4490_4bdd_9ff+mrhunghddddd_d692685b_fdb4_477+versil91_474890ea_012d_4a25_96,0.1589245946516235,0.1287971909900899,0,qwen25_real_m50_circulant_balanced_seed20260503,linear
tuanna08go_6af2bb68_a65f_4331+cunghoctienganh_4909ad74_a335+hongngo_7e251dfc_e0f7_4f73_aae,0.1735409346515936,-0.4550195700088634,1,qwen25_real_m50_balanced_random_seed20260505,linear
duyphu_4909ad74_a335_4972_9ed8+phungkhaccuong_731c6dec_a942_4+mrhungddddh_fe499423_02f3_4cfd,0.1741371087708951,0.0741311090838003,0,qwen25_real_m50_balanced_random_seed20260505,linear
lhong4759_f68c5c87_934d_4399_b+nbninh_0d8b128b_8753_46c3_b80f+mrhungddddh_fe499423_02f3_4cfd,0.1799168827490442,-0.0001374236141938,1,qwen25_real_m50_circulant_balanced_seed20260503,linear
versil91_01a5620a_fb5f_4bab_94+laquythang_8444c3be_8779_4769+mrhunghddddd_d692685b_fdb4_477,-0.1818077396717549,-0.0186711139546171,1,qwen25_real_m50_balanced_random_seed20260503,linear
laquythang_8444c3be_8779_4769+mrhunghddddd_d692685b_fdb4_477+versil91_121ef6e9_0ded_4fc3_8c,0.1850966640819678,-0.0977168113514367,1,qwen25_real_m50_balanced_random_seed20260504,linear
duyphu_7aba420b_74ac_4209_b514+cunghoctienganh_c1cf0152_7ae6+nhoxinh_0c66c9c5_5cc2_46a8_9db,-0.1972314854469474,0.5454554619257388,0,qwen25_real_m50_balanced_random_seed20260503,linear
chauhoang_4909ad74_a335_4972_9+nblinh63_0eb73af3_0631_437a_ad+versil91_121ef6e9_0ded_4fc3_8c,-0.2001476801800124,-0.4237951878817648,1,qwen25_real_m50_balanced_random_seed20260504,linear
tuanna08go_7647f014_8af3_4266+hongngo_9d92894f_7b7b_49e0_8f3+nblinh63_0eb73af3_0631_437a_ad,-0.2155325380329851,-0.636230322524421,1,qwen25_real_m50_balanced_random_seed20260504,linear
laquythang_8444c3be_8779_4769+mrhunghd_9e58333c_df22_4a00_9c+mrhungddddh_fe499423_02f3_4cfd,0.2204285885652703,0.1243466475249582,0,qwen25_real_m50_balanced_random_seed20260503,linear
lhong4759_f68c5c87_934d_4399_b+duyphu_7aba420b_74ac_4209_b514+duyphu_0112d9da_9934_4614_b233,0.2216927302859588,1.6176611900329263,0,qwen25_real_m50_circulant_balanced_seed20260503,linear
versil91_8444c3be_8779_4769_a0+cunghoctienganh_4909ad74_a335+mrhungddddh_fe499423_02f3_4cfd,0.2363211562927007,0.0434516988858143,0,qwen25_real_m50_balanced_random_seed20260504,linear
thaffggg_8a78a9b2_d3fa_4615_b8+nbninh_c4ae10ba_efe4_401e_8dd7+thaffggg_8c87f3d3_d4bb_475a_a8,0.2385116426379794,-0.6515472412109702,1,qwen25_real_m50_balanced_random_seed20260504,linear
laquythang_efe15045_778f_4dfa+mrhungddddh_9b1deaac_4565_48f2+mrhunghddddd_d692685b_fdb4_477,-0.2418656405117775,-0.1579067408000319,1,qwen25_real_m50_balanced_random_seed20260503,linear
adammandic87_3d7a58a6_4380_4e3+versil91_8444c3be_8779_4769_a0+tuanna08go_6af2bb68_a65f_4331,0.2508050045037951,-0.0906302494357995,1,qwen25_real_m50_circulant_balanced_seed20260503,linear
lhong4759_f68c5c87_934d_4399_b+mrhungddddh_fe499423_02f3_4cfd+datlaaaaaaa_0dbe42c8_b07b_4785,0.2571350574499433,0.1828059918584773,0,qwen25_real_m50_circulant_balanced_seed20260503,linear
adammandic87_3d7a58a6_4380_4e3+tuanna08go_6af2bb68_a65f_4331+versil91_63cd5c4a_5a68_4c25_bd,0.2574084779710754,-0.3552344871402687,1,qwen25_real_m50_balanced_random_seed20260505,linear
nhoxinh_2f944a50_cbd3_4334_af8+mrhungddddh_911f6275_22fd_4f41+mrhunghddddd_d692685b_fdb4_477,-0.2779660446523689,0.0606211654379936,0,qwen25_real_m50_circulant_balanced_seed20260503,linear
hongngo_687b8c72_c89b_4cb7_b7c+nhung02_db2c9545_4607_487b_9cc+nhung03_7b6cdc3c_7130_4c2c_a2c,0.2877780768090741,2.609720897674528,0,qwen25_real_m50_balanced_random_seed20260504,linear
chauhoang_4909ad74_a335_4972_9+nhoxinh_9214fc0d_4490_4bdd_9ff+mrhungddddh_fe499423_02f3_4cfd,0.2994482145435748,0.010178792372281,0,qwen25_real_m50_circulant_balanced_seed20260503,linear
tuanna08go_c1cf0152_7ae6_43b6+hongngo_9d92894f_7b7b_49e0_8f3+mrhunghddddd_d692685b_fdb4_477,-0.2998018977000883,-0.2461153247650096,1,qwen25_real_m50_balanced_random_seed20260504,linear
denbeo_d9ae91c0_fed9_4fb4_8ddd+nbninh_0d8b128b_8753_46c3_b80f+mrhunghddddd_d692685b_fdb4_477,0.3063078871295795,0.0646926363362543,0,qwen25_real_m50_balanced_random_seed20260505,linear
nblinh63_0eb73af3_0631_437a_ad+nhung02_db2c9545_4607_487b_9cc+mrhungddddh_9b1deaac_4565_48f2,0.3145733314233112,-1.2611671935012236,1,qwen25_real_m50_balanced_random_seed20260505,linear
duyphu_7aba420b_74ac_4209_b514+cunghoctienganh_c1cf0152_7ae6+chauhoang_2aa4f343_5524_f86e_b,0.3445404371073057,0.0272767166179365,0,qwen25_real_m50_balanced_random_seed20260503,linear
chauhoang_4909ad74_a335_4972_9+mrhungddddh_fe499423_02f3_4cfd+adammandic87_f28f18cf_4abb_4db,0.3673281783398763,-0.1865197351643888,1,qwen25_real_m50_circulant_balanced_seed20260503,linear
lhong4759_f68c5c87_934d_4399_b+cunghoctienganh_c1cf0152_7ae6+nhung02_db2c9545_4607_487b_9cc,0.3679033465670098,-0.0352828979492514,1,qwen25_real_m50_balanced_random_seed20260504,linear
versil91_8444c3be_8779_4769_a0+mrhungddddh_fe499423_02f3_4cfd+datlaaaaaaa_e8cccbe1_c136_409a,0.3728363001553643,0.2653021273825467,0,qwen25_real_m50_balanced_random_seed20260504,linear
laquythang_8444c3be_8779_4769+phungkhaccuong_a992b7f5_9d18_c+mrhungddddh_fe499423_02f3_4cfd,0.3836152221621064,0.1241085500333137,0,qwen25_real_m50_balanced_random_seed20260504,linear
versil91_8444c3be_8779_4769_a0+thaffggg_8c87f3d3_d4bb_475a_a8+nhung02_08157847_d833_4d45_90f,-0.3935533611092465,-3.0470429626521525,1,qwen25_real_m50_circulant_balanced_seed20260503,linear
lhong4759_f68c5c87_934d_4399_b+hongngo_9d92894f_7b7b_49e0_8f3+mrhunghddddd_d692685b_fdb4_477,-0.403958553297313,-0.3487323355489485,1,qwen25_real_m50_balanced_random_seed20260503,linear
thaffggg_8a78a9b2_d3fa_4615_b8+nhoxinh_0c66c9c5_5cc2_46a8_9db+mrhungddddh_fe499423_02f3_4cfd,0.4052234009278167,0.0929513879838394,0,qwen25_real_m50_balanced_random_seed20260505,linear
duyphu_7aba420b_74ac_4209_b514+nbninh_c4ae10ba_efe4_401e_8dd7+mrhunghddddd_d692685b_fdb4_477,-0.4111973921239809,-0.4908797790596254,1,qwen25_real_m50_balanced_random_seed20260505,linear
datlaaaaaaa_cc1f8701_0976_4f48+tuanna08go_7647f014_8af3_4266+mrhungddddh_9b1deaac_4565_48f2,-0.4164612590525856,-0.8624880790710776,1,qwen25_real_m50_circulant_balanced_seed20260503,linear
lhong4759_f68c5c87_934d_4399_b+hongngo_9d92894f_7b7b_49e0_8f3+datlaaaaaaa_e8cccbe1_c136_409a,-0.4324048042302255,-1.6610949516296714,1,qwen25_real_m50_balanced_random_seed20260505,linear
versil91_01a5620a_fb5f_4bab_94+tuanna08go_c1cf0152_7ae6_43b6+nblinh63_0eb73af3_0631_437a_ad,-0.4493162052603394,-0.2911395890433961,1,qwen25_real_m50_balanced_random_seed20260503,linear
cunghoctienganh_4909ad74_a335+nbninh_0d8b128b_8753_46c3_b80f+nblinh63_0eb73af3_0631_437a_ad,0.4526920365339135,-0.1560417536740885,1,qwen25_real_m50_circulant_balanced_seed20260503,linear
tuanna08go_6af2bb68_a65f_4331+mrhunghd_9e58333c_df22_4a00_9c+mrhungddddh_9b1deaac_4565_48f2,0.4619682702597419,-0.576825300653536,1,qwen25_real_m50_balanced_random_seed20260504,linear
phungkhaccuong_a992b7f5_9d18_c+nblinh63_0eb73af3_0631_437a_ad+nhung02_08157847_d833_4d45_90f,-0.4642058698929244,-0.6244722217551381,1,qwen25_real_m50_balanced_random_seed20260503,linear
taronklm_trained_model+nhung02_08157847_d833_4d45_90f+mrhungddddh_fe499423_02f3_4cfd,-0.4647545310333612,-1.2685932490551284,1,qwen25_real_m50_balanced_random_seed20260505,linear
tuanna08go_6af2bb68_a65f_4331+cunghoctienganh_4909ad74_a335+versil91_121ef6e9_0ded_4fc3_8c,0.4728801271452986,-0.1285158730321136,1,qwen25_real_m50_circulant_balanced_seed20260503,linear
nblinh63_0eb73af3_0631_437a_ad+nhung02_08157847_d833_4d45_90f+mrhunghddddd_d692685b_fdb4_477,-0.4772184070750713,-0.3487323355489485,1,qwen25_real_m50_balanced_random_seed20260503,linear
tuanna08go_6af2bb68_a65f_4331+thaffggg_8a78a9b2_d3fa_4615_b8+nblinh63_0eb73af3_0631_437a_ad,-0.4808340572959201,-0.4968096388763303,1,qwen25_real_m50_circulant_balanced_seed20260503,linear
hongngo_9d92894f_7b7b_49e0_8f3+mrhungddddh_911f6275_22fd_4f41+mrhunghddddd_d692685b_fdb4_477,-0.5390516628290642,-0.1802320766993058,1,qwen25_real_m50_circulant_balanced_seed20260503,linear
versil91_8444c3be_8779_4769_a0+nhung02_08157847_d833_4d45_90f+versil91_63cd5c4a_5a68_4c25_bd,-0.5560953274258047,-1.4762552094738044,1,qwen25_real_m50_balanced_random_seed20260504,linear
tuanna08go_6af2bb68_a65f_4331+cunghoctienganh_b7496e73_1762+chauhoang_4909ad74_a335_4972_9,0.5649850657416164,7.222798538207975,0,qwen25_real_m50_balanced_random_seed20260503,linear
tuanna08go_c1cf0152_7ae6_43b6+duyphu_4909ad74_a335_4972_9ed8+nblinh63_0eb73af3_0631_437a_ad,0.565631146426719,0.8088380813598306,0,qwen25_real_m50_circulant_balanced_seed20260503,linear
lhong4759_f68c5c87_934d_4399_b+versil91_e9f26c47_9b78_4e3f_81+tuanna08go_7647f014_8af3_4266,-0.5782551158509932,0.1705796241759927,0,qwen25_real_m50_circulant_balanced_seed20260503,linear
chauhoang_4909ad74_a335_4972_9+denbeo_d9ae91c0_fed9_4fb4_8ddd+thaffggg_8c87f3d3_d4bb_475a_a8,-0.6061643786607599,-0.2920716285705893,1,qwen25_real_m50_balanced_random_seed20260504,linear
tuanna08go_6af2bb68_a65f_4331+nbninh_a1f78795_1b61_4923_9235+mrhunghd_9e58333c_df22_4a00_9c,0.6199833836437892,-0.0029970743032841,1,qwen25_real_m50_balanced_random_seed20260505,linear
lhong4759_f68c5c87_934d_4399_b+datlaaaaaaa_cc1f8701_0976_4f48+versil91_121ef6e9_0ded_4fc3_8c,-0.6204087571126424,-1.5569417953491538,1,qwen25_real_m50_balanced_random_seed20260505,linear
tuanna08go_6af2bb68_a65f_4331+duyphu_0112d9da_9934_4614_b233+phungkhaccuong_2b1522e6_bef2_7,0.6349143328422593,0.8190423965453775,0,qwen25_real_m50_balanced_random_seed20260504,linear
tuanna08go_6af2bb68_a65f_4331+duyphu_7aba420b_74ac_4209_b514+nhoxinh_2f944a50_cbd3_4334_af8,0.6410734430348641,-0.0544014871637998,1,qwen25_real_m50_balanced_random_seed20260505,linear
tuanna08go_6af2bb68_a65f_4331+denbeo_d9ae91c0_fed9_4fb4_8ddd+datlaaaaaaa_e8cccbe1_c136_409a,0.6446248178903438,-0.0485624687548827,1,qwen25_real_m50_circulant_balanced_seed20260503,linear
nbninh_c4ae10ba_efe4_401e_8dd7+nhoxinh_9214fc0d_4490_4bdd_9ff+nhung02_db2c9545_4607_487b_9cc,0.6874982827140168,5.701163482665983,0,qwen25_real_m50_balanced_random_seed20260504,linear
duyphu_7aba420b_74ac_4209_b514+mrhunghd_9e58333c_df22_4a00_9c+versil91_474890ea_012d_4a25_96,0.6906834877887991,-0.1823513968184025,1,qwen25_real_m50_circulant_balanced_seed20260503,linear
tuanna08go_7647f014_8af3_4266+tuanna08go_c1cf0152_7ae6_43b6+mrhunghd_9e58333c_df22_4a00_9c,0.7000000000107722,-1.6895502090454428,1,qwen25_real_m50_balanced_random_seed20260504,linear
lhong4759_f68c5c87_934d_4399_b+chauhoang_2aa4f343_5524_f86e_b+datlaaaaaaa_e8cccbe1_c136_409a,0.720962681590688,0.9963185310363444,0,qwen25_real_m50_balanced_random_seed20260503,linear
laquythang_8444c3be_8779_4769+duyphu_4909ad74_a335_4972_9ed8+nblinh63_0eb73af3_0631_437a_ad,0.7496029853876536,3.42175073623654,0,qwen25_real_m50_circulant_balanced_seed20260503,linear
versil91_01a5620a_fb5f_4bab_94+duyphu_7aba420b_74ac_4209_b514+nbninh_c4ae10ba_efe4_401e_8dd7,-0.7898623671458029,-0.9909049937437407,1,qwen25_real_m50_balanced_random_seed20260503,linear
laquythang_efe15045_778f_4dfa+cunghoctienganh_b7496e73_1762+thaffggg_8c87f3d3_d4bb_475a_a8,0.813251068163451,4.225459766387907,0,qwen25_real_m50_balanced_random_seed20260504,linear
datlaaaaaaa_cc1f8701_0976_4f48+mrhungddddh_911f6275_22fd_4f41+adammandic87_f28f18cf_4abb_4db,-0.8633939858766984,1.1340410232543618,0,qwen25_real_m50_balanced_random_seed20260503,linear
adammandic87_3d7a58a6_4380_4e3+versil91_01a5620a_fb5f_4bab_94+mrhungddddh_9b1deaac_4565_48f2,0.8676696954534552,3.9154560089111,0,qwen25_real_m50_circulant_balanced_seed20260503,linear
thaffggg_8c87f3d3_d4bb_475a_a8+mrhungddddh_9b1deaac_4565_48f2+mrhungddddh_911f6275_22fd_4f41,0.8757877810078796,2.8130800247192056,0,qwen25_real_m50_balanced_random_seed20260503,linear
thaffggg_8c87f3d3_d4bb_475a_a8+mrhungddddh_fe499423_02f3_4cfd+datlaaaaaaa_0dbe42c8_b07b_4785,0.8832932310028788,0.1174688553699103,0,qwen25_real_m50_balanced_random_seed20260503,linear
duyphu_7aba420b_74ac_4209_b514+chauhoang_4909ad74_a335_4972_9+hongngo_9d92894f_7b7b_49e0_8f3,-0.8863902266168824,-0.8292752964113226,1,qwen25_real_m50_balanced_random_seed20260504,linear
lhong4759_f68c5c87_934d_4399_b+laquythang_8444c3be_8779_4769+nhung02_08157847_d833_4d45_90f,0.9041569014192046,2.485719394683805,0,qwen25_real_m50_circulant_balanced_seed20260503,linear
duyphu_7aba420b_74ac_4209_b514+duyphu_0112d9da_9934_4614_b233+hongngo_9d92894f_7b7b_49e0_8f3,0.9286214474387402,0.5731099581752258,0,qwen25_real_m50_circulant_balanced_seed20260503,linear
phungkhaccuong_a992b7f5_9d18_c+hongngo_9d92894f_7b7b_49e0_8f3+adammandic87_f28f18cf_4abb_4db,-0.9847960175991708,-5.927857685089144,1,qwen25_real_m50_balanced_random_seed20260505,linear
taronklm_trained_model+duyphu_7aba420b_74ac_4209_b514+mrhunghddddd_d692685b_fdb4_477,-1.0381971410195,-0.5918005895804666,1,qwen25_real_m50_balanced_random_seed20260505,linear
duyphu_7aba420b_74ac_4209_b514+duyphu_0112d9da_9934_4614_b233+mrhunghd_9e58333c_df22_4a00_9c,1.0737176171884624,3.1801611900329263,0,qwen25_real_m50_balanced_random_seed20260503,linear
phungkhaccuong_2b1522e6_bef2_7+nhoxinh_9214fc0d_4490_4bdd_9ff+hongngo_687b8c72_c89b_4cb7_b7c,-1.0841698460727969,-1.350662040710482,1,qwen25_real_m50_balanced_random_seed20260504,linear
versil91_8444c3be_8779_4769_a0+nhung02_08157847_d833_4d45_90f+nhung02_db2c9545_4607_487b_9cc,1.0901403404047805,0.388673019409147,0,qwen25_real_m50_balanced_random_seed20260505,linear
tuanna08go_6af2bb68_a65f_4331+adammandic87_f28f18cf_4abb_4db+versil91_121ef6e9_0ded_4fc3_8c,1.099252118220075,-0.2079768576395658,1,qwen25_real_m50_circulant_balanced_seed20260503,linear
phungkhaccuong_a992b7f5_9d18_c+mrhungddddh_9b1deaac_4565_48f2+adammandic87_f28f18cf_4abb_4db,1.1431084662901696,-0.3615110397339194,1,qwen25_real_m50_balanced_random_seed20260504,linear
cunghoctienganh_c1cf0152_7ae6+cunghoctienganh_4909ad74_a335+versil91_63cd5c4a_5a68_4c25_bd,1.211449938249151,1.096823883056608,0,qwen25_real_m50_balanced_random_seed20260505,linear
versil91_e9f26c47_9b78_4e3f_81+laquythang_efe15045_778f_4dfa+cunghoctienganh_4909ad74_a335,1.2614272044081156,-4.435226249694857,1,qwen25_real_m50_circulant_balanced_seed20260503,linear
datlaaaaaaa_cc1f8701_0976_4f48+laquythang_efe15045_778f_4dfa+phungkhaccuong_731c6dec_a942_4,1.2872623180673155,0.0055701255798012,0,qwen25_real_m50_balanced_random_seed20260504,linear
thaffggg_8c87f3d3_d4bb_475a_a8+mrhungddddh_9b1deaac_4565_48f2+versil91_121ef6e9_0ded_4fc3_8c,1.3011903413347912,-0.6392925262451499,1,qwen25_real_m50_balanced_random_seed20260505,linear
laquythang_efe15045_778f_4dfa+nblinh63_0eb73af3_0631_437a_ad+versil91_474890ea_012d_4a25_96,-1.3346963680360884,-1.0067835583729854,1,qwen25_real_m50_balanced_random_seed20260503,linear
phungkhaccuong_731c6dec_a942_4+nhung02_08157847_d833_4d45_90f+versil91_474890ea_012d_4a25_96,1.406621194817438,-1.173826980590853,1,qwen25_real_m50_balanced_random_seed20260505,linear
versil91_8444c3be_8779_4769_a0+chauhoang_4909ad74_a335_4972_9+nbninh_0d8b128b_8753_46c3_b80f,-1.4224717833395495,-0.5969732284546225,1,qwen25_real_m50_balanced_random_seed20260505,linear
nbninh_c4ae10ba_efe4_401e_8dd7+nbninh_a1f78795_1b61_4923_9235+mrhunghd_9e58333c_df22_4a00_9c,1.4341325276481816,2.95563049316403,0,qwen25_real_m50_circulant_balanced_seed20260503,linear
thaffggg_8c87f3d3_d4bb_475a_a8+mrhungddddh_fe499423_02f3_4cfd+mrhungddddh_911f6275_22fd_4f41,1.448075725471346,-0.0654745601027607,1,qwen25_real_m50_balanced_random_seed20260503,linear
chauhoang_4909ad74_a335_4972_9+phungkhaccuong_a992b7f5_9d18_c+hongngo_9d92894f_7b7b_49e0_8f3,-1.5611987673446333,-2.4250000000000327,1,qwen25_real_m50_balanced_random_seed20260504,linear
tuanna08go_c1cf0152_7ae6_43b6+laquythang_efe15045_778f_4dfa+nhoxinh_0c66c9c5_5cc2_46a8_9db,1.5634621487594105,3.559473228454557,0,qwen25_real_m50_circulant_balanced_seed20260503,linear
cunghoctienganh_4909ad74_a335+nhung02_08157847_d833_4d45_90f+mrhungddddh_9b1deaac_4565_48f2,-1.5879599402220046,-5.30693225860599,1,qwen25_real_m50_balanced_random_seed20260503,linear
taronklm_trained_model+laquythang_efe15045_778f_4dfa+mrhungddddh_fe499423_02f3_4cfd,-1.6523308894018929,-0.909248228142628,1,qwen25_real_m50_balanced_random_seed20260504,linear
phungkhaccuong_731c6dec_a942_4+nhoxinh_9214fc0d_4490_4bdd_9ff+versil91_121ef6e9_0ded_4fc3_8c,1.7268538897334516,3.417077732086149,0,qwen25_real_m50_circulant_balanced_seed20260503,linear
lhong4759_f68c5c87_934d_4399_b+datlaaaaaaa_cc1f8701_0976_4f48+nhung03_7b6cdc3c_7130_4c2c_a2c,1.750412654876655,1.7504126548766763,0,qwen25_real_m50_balanced_random_seed20260503,linear
duyphu_0112d9da_9934_4614_b233+mrhunghddddd_d692685b_fdb4_477+datlaaaaaaa_0dbe42c8_b07b_4785,1.7522338147272354,0.6060288321423002,0,qwen25_real_m50_circulant_balanced_seed20260503,linear
datlaaaaaaa_cc1f8701_0976_4f48+laquythang_efe15045_778f_4dfa+phungkhaccuong_2b1522e6_bef2_7,1.7615724524361571,6.632533740997282,0,qwen25_real_m50_balanced_random_seed20260503,linear
cunghoctienganh_c1cf0152_7ae6+nbninh_0d8b128b_8753_46c3_b80f+mrhunghd_9e58333c_df22_4a00_9c,1.801928613257619,-1.6164629936218589,1,qwen25_real_m50_circulant_balanced_seed20260503,linear
versil91_01a5620a_fb5f_4bab_94+nhung02_08157847_d833_4d45_90f+mrhungddddh_911f6275_22fd_4f41,-1.8087717625952724,-0.4146187782287924,1,qwen25_real_m50_circulant_balanced_seed20260503,linear
tuanna08go_7647f014_8af3_4266+cunghoctienganh_c1cf0152_7ae6+versil91_63cd5c4a_5a68_4c25_bd,1.8613860886539035,2.2624999999999678,0,qwen25_real_m50_balanced_random_seed20260503,linear
datlaaaaaaa_cc1f8701_0976_4f48+cunghoctienganh_4909ad74_a335+duyphu_0112d9da_9934_4614_b233,1.9813382103822303,5.61070747375485,0,qwen25_real_m50_balanced_random_seed20260505,linear
laquythang_efe15045_778f_4dfa+hongngo_687b8c72_c89b_4cb7_b7c+adammandic87_f28f18cf_4abb_4db,-2.0784224009448344,0.6591588973998697,0,qwen25_real_m50_balanced_random_seed20260504,linear
chauhoang_2aa4f343_5524_f86e_b+mrhunghd_9e58333c_df22_4a00_9c+mrhungddddh_911f6275_22fd_4f41,-2.08444336332078,-1.5247076034546223,1,qwen25_real_m50_balanced_random_seed20260505,linear
nbninh_0d8b128b_8753_46c3_b80f+nhoxinh_9214fc0d_4490_4bdd_9ff+hongngo_687b8c72_c89b_4cb7_b7c,2.105088464063016,-1.1043756484985678,1,qwen25_real_m50_balanced_random_seed20260503,linear
thaffggg_8a78a9b2_d3fa_4615_b8+nhoxinh_9214fc0d_4490_4bdd_9ff+hongngo_687b8c72_c89b_4cb7_b7c,2.1132907902769684,-0.6508758544922179,1,qwen25_real_m50_balanced_random_seed20260505,linear
duyphu_7aba420b_74ac_4209_b514+laquythang_8444c3be_8779_4769+nhung02_08157847_d833_4d45_90f,2.1324465641905523,0.052459597670807,0,qwen25_real_m50_balanced_random_seed20260504,linear
adammandic87_3d7a58a6_4380_4e3+chauhoang_2aa4f343_5524_f86e_b+phungkhaccuong_2b1522e6_bef2_7,-2.1960023147808414,1.842179965972868,0,qwen25_real_m50_balanced_random_seed20260503,linear
nbninh_c4ae10ba_efe4_401e_8dd7+thaffggg_8c87f3d3_d4bb_475a_a8+mrhungddddh_911f6275_22fd_4f41,-2.2490780968444546,-4.664441871643099,1,qwen25_real_m50_balanced_random_seed20260505,linear
thaffggg_8a78a9b2_d3fa_4615_b8+chauhoang_2aa4f343_5524_f86e_b+mrhunghd_9e58333c_df22_4a00_9c,-2.36102055826978,-3.740641403198275,1,qwen25_real_m50_circulant_balanced_seed20260503,linear
adammandic87_3d7a58a6_4380_4e3+thaffggg_8a78a9b2_d3fa_4615_b8+phungkhaccuong_731c6dec_a942_4,2.4445771928806392,0.7854969024657876,0,qwen25_real_m50_circulant_balanced_seed20260503,linear
versil91_01a5620a_fb5f_4bab_94+nbninh_c4ae10ba_efe4_401e_8dd7+mrhungddddh_9b1deaac_4565_48f2,-2.7523395368674457,-4.979559707641634,1,qwen25_real_m50_balanced_random_seed20260505,linear
duyphu_4909ad74_a335_4972_9ed8+nhoxinh_9214fc0d_4490_4bdd_9ff+mrhunghddddd_d692685b_fdb4_477,2.8130909355463927,0.2891106137953353,0,qwen25_real_m50_balanced_random_seed20260503,linear
duyphu_7aba420b_74ac_4209_b514+cunghoctienganh_b7496e73_1762+mrhungddddh_9b1deaac_4565_48f2,2.8179278150779035,4.097798538207975,0,qwen25_real_m50_balanced_random_seed20260504,linear
lhong4759_f68c5c87_934d_4399_b+mrhunghd_9e58333c_df22_4a00_9c+versil91_474890ea_012d_4a25_96,-2.823960359029586,-1.643750000000033,1,qwen25_real_m50_balanced_random_seed20260504,linear
versil91_8444c3be_8779_4769_a0+thaffggg_8c87f3d3_d4bb_475a_a8+versil91_63cd5c4a_5a68_4c25_bd,2.902887763541682,0.2522737503051431,0,qwen25_real_m50_balanced_random_seed20260503,linear
versil91_8444c3be_8779_4769_a0+chauhoang_2aa4f343_5524_f86e_b+phungkhaccuong_731c6dec_a942_4,2.930696219902532,0.6999999999999673,0,qwen25_real_m50_balanced_random_seed20260504,linear
lhong4759_f68c5c87_934d_4399_b+nbninh_c4ae10ba_efe4_401e_8dd7+nhoxinh_2f944a50_cbd3_4334_af8,2.9450333945553813,2.087584209442106,0,qwen25_real_m50_balanced_random_seed20260503,linear
datlaaaaaaa_cc1f8701_0976_4f48+tuanna08go_7647f014_8af3_4266+cunghoctienganh_c1cf0152_7ae6,-2.98572704795016,2.6235730171203286,0,qwen25_real_m50_balanced_random_seed20260505,linear
adammandic87_3d7a58a6_4380_4e3+versil91_e9f26c47_9b78_4e3f_81+mrhungddddh_9b1deaac_4565_48f2,3.0275423641995647,-0.8761971473694175,1,qwen25_real_m50_balanced_random_seed20260503,linear
hongngo_9d92894f_7b7b_49e0_8f3+adammandic87_f28f18cf_4abb_4db+versil91_474890ea_012d_4a25_96,3.1918377399444218,-1.955076980590853,1,qwen25_real_m50_balanced_random_seed20260504,linear
laquythang_efe15045_778f_4dfa+nhoxinh_0c66c9c5_5cc2_46a8_9db+thaffggg_8c87f3d3_d4bb_475a_a8,-3.4774014766384145,-0.2999999999999816,1,qwen25_real_m50_circulant_balanced_seed20260503,linear
nhoxinh_9214fc0d_4490_4bdd_9ff+hongngo_687b8c72_c89b_4cb7_b7c+versil91_121ef6e9_0ded_4fc3_8c,3.564495161170746,-0.528068033854197,1,qwen25_real_m50_balanced_random_seed20260505,linear
laquythang_efe15045_778f_4dfa+denbeo_d9ae91c0_fed9_4fb4_8ddd+versil91_474890ea_012d_4a25_96,3.5789183825574917,-1.7098173515981463,1,qwen25_real_m50_balanced_random_seed20260505,linear
lhong4759_f68c5c87_934d_4399_b+nhoxinh_9214fc0d_4490_4bdd_9ff+hongngo_687b8c72_c89b_4cb7_b7c,4.012703686092836,-0.369080829620394,1,qwen25_real_m50_balanced_random_seed20260505,linear
adammandic87_3d7a58a6_4380_4e3+thaffggg_8c87f3d3_d4bb_475a_a8+mrhungddddh_9b1deaac_4565_48f2,4.071665826801157,-0.6392925262451499,1,qwen25_real_m50_balanced_random_seed20260504,linear
versil91_8444c3be_8779_4769_a0+nhung02_db2c9545_4607_487b_9cc+mrhungddddh_9b1deaac_4565_48f2,4.4092921235415,-2.142545509338412,1,qwen25_real_m50_circulant_balanced_seed20260503,linear
taronklm_trained_model+thaffggg_8a78a9b2_d3fa_4615_b8+nhung03_7b6cdc3c_7130_4c2c_a2c,4.482387501382964,-11.790332126617464,1,qwen25_real_m50_balanced_random_seed20260504,linear
tuanna08go_7647f014_8af3_4266+laquythang_efe15045_778f_4dfa+mrhunghd_9e58333c_df22_4a00_9c,-4.501001418519977,-1.7479150772095051,1,qwen25_real_m50_balanced_random_seed20260505,linear
cunghoctienganh_4909ad74_a335+mrhunghd_9e58333c_df22_4a00_9c+versil91_63cd5c4a_5a68_4c25_bd,-4.537481586364131,-4.818364906311068,1,qwen25_real_m50_balanced_random_seed20260503,linear
tuanna08go_c1cf0152_7ae6_43b6+duyphu_4909ad74_a335_4972_9ed8+nhung02_08157847_d833_4d45_90f,4.609826038624193,-0.3788679122925131,1,qwen25_real_m50_balanced_random_seed20260503,linear
tuanna08go_6af2bb68_a65f_4331+denbeo_d9ae91c0_fed9_4fb4_8ddd+versil91_121ef6e9_0ded_4fc3_8c,4.77082703701217,-0.3000023841909104,1,qwen25_real_m50_balanced_random_seed20260503,linear
tuanna08go_7647f014_8af3_4266+laquythang_efe15045_778f_4dfa+nhung02_db2c9545_4607_487b_9cc,4.87703222684246,-0.4111140251159995,1,qwen25_real_m50_balanced_random_seed20260505,linear
cunghoctienganh_c1cf0152_7ae6+thaffggg_8c87f3d3_d4bb_475a_a8+adammandic87_f28f18cf_4abb_4db,5.136061768579963,-1.3616211413516115,1,qwen25_real_m50_circulant_balanced_seed20260503,linear
lhong4759_f68c5c87_934d_4399_b+versil91_01a5620a_fb5f_4bab_94+versil91_63cd5c4a_5a68_4c25_bd,5.159209536925075,-1.5518396377563803,1,qwen25_real_m50_balanced_random_seed20260505,linear
hongngo_687b8c72_c89b_4cb7_b7c+nblinh63_0eb73af3_0631_437a_ad+nhung02_db2c9545_4607_487b_9cc,5.80538703068426,-1.4259653189475656,1,qwen25_real_m50_circulant_balanced_seed20260503,linear
taronklm_trained_model+nhung02_db2c9545_4607_487b_9cc+versil91_121ef6e9_0ded_4fc3_8c,-16.58219079392026,-4.036132517955611,1,qwen25_real_m50_balanced_random_seed20260503,linear
